customer_id,country,segment,orders,gross_revenue,last_order_date
18102,United Kingdom,domestic,4,27834.61,2010-12-09
15061,United Kingdom,domestic,13,19950.66,2011-01-06
16029,United Kingdom,domestic,8,13202.52,2011-01-04
17511,United Kingdom,domestic,6,10573.22,2011-01-05
14646,Netherlands,export,2,8591.88,2010-12-21
13089,United Kingdom,domestic,13,7738.67,2011-01-06
14911,EIRE,export,17,7737.94,2011-01-05
12415,Australia,export,1,7011.38,2011-01-06
16210,United Kingdom,domestic,4,7000.64,2010-12-16
13777,United Kingdom,domestic,11,6961.78,2010-12-23
13798,United Kingdom,domestic,7,6268.66,2011-01-07
14298,United Kingdom,domestic,6,6119.36,2011-01-07
13081,United Kingdom,domestic,4,5894.42,2011-01-06
15769,United Kingdom,domestic,3,5636.28,2011-01-07
17850,United Kingdom,domestic,34,5391.21,2010-12-02
13093,United Kingdom,domestic,4,5169.97,2011-01-06
12748,United Kingdom,domestic,39,4479.43,2011-01-05
16013,United Kingdom,domestic,8,4408.1,2011-01-07
14680,United Kingdom,domestic,5,4395.51,2011-01-06
17340,United Kingdom,domestic,3,4360.39,2010-12-20
14733,United Kingdom,domestic,3,4357.22,2010-12-20
13694,United Kingdom,domestic,4,4076.64,2011-01-05
15311,United Kingdom,domestic,15,3963.47,2011-01-07
12471,Germany,export,8,3874.36,2011-01-06
17404,Sweden,export,3,3834.3,2010-12-17
12755,Japan,export,1,3794.4,2010-12-09
12433,Norway,export,2,3787.12,2010-12-08
17381,United Kingdom,domestic,3,3603.72,2010-12-06
12753,Japan,export,2,3590.59,2011-01-06
14031,United Kingdom,domestic,5,3538.19,2011-01-06
13408,United Kingdom,domestic,8,3335.4,2011-01-06
15856,United Kingdom,domestic,4,3281.31,2010-12-23
17841,United Kingdom,domestic,10,3269.06,2011-01-09
14258,United Kingdom,domestic,1,3120.22,2011-01-06
16684,United Kingdom,domestic,4,3113.4,2010-12-20
15808,United Kingdom,domestic,4,2983.77,2011-01-04
18092,United Kingdom,domestic,3,2852.64,2010-12-22
15032,United Kingdom,domestic,2,2770.6,2010-12-08
15640,United Kingdom,domestic,3,2766.69,2010-12-19
17230,United Kingdom,domestic,8,2760.01,2011-01-07
13458,United Kingdom,domestic,3,2675.04,2011-01-06
12681,France,export,3,2674.18,2011-01-05
13767,United Kingdom,domestic,8,2609.76,2011-01-05
13225,United Kingdom,domestic,2,2470.44,2011-01-05
16422,United Kingdom,domestic,6,2432.09,2011-01-06
13680,United Kingdom,domestic,3,2391.59,2011-01-07
17017,United Kingdom,domestic,6,2357.64,2010-12-14
12501,Germany,export,1,2169.39,2011-01-07
16873,United Kingdom,domestic,2,2157.64,2010-12-20
17937,United Kingdom,domestic,2,2153.88,2010-12-13
15379,United Kingdom,domestic,3,2151.61,2011-01-06
15044,United Kingdom,domestic,6,2139.15,2010-12-22
15039,United Kingdom,domestic,4,2136.22,2011-01-04
13319,United Kingdom,domestic,7,2061.97,2011-01-04
17450,United Kingdom,domestic,2,2028.84,2010-12-07
16754,United Kingdom,domestic,1,2002.4,2010-12-02
14667,United Kingdom,domestic,5,1998.1,2010-12-14
17675,United Kingdom,domestic,4,1988.48,2011-01-05
12567,France,export,2,1942.38,2010-12-07
12939,United Kingdom,domestic,1,1933.2,2011-01-09
15601,United Kingdom,domestic,3,1924.9,2011-01-07
12682,France,export,3,1910.4,2011-01-05
16532,United Kingdom,domestic,1,1910.4,2011-01-05
15194,United Kingdom,domestic,5,1890.54,2011-01-07
15514,United Kingdom,domestic,6,1884.71,2010-12-14
12370,Cyprus,export,2,1868.02,2010-12-17
15159,United Kingdom,domestic,2,1860.98,2010-12-13
15093,United Kingdom,domestic,3,1844.13,2011-01-05
15299,United Kingdom,domestic,3,1835.01,2010-12-02
14051,United Kingdom,domestic,3,1828.16,2010-12-20
14606,United Kingdom,domestic,15,1815.82,2011-01-09
14800,United Kingdom,domestic,3,1757.84,2011-01-09
18055,United Kingdom,domestic,3,1751.12,2010-12-16
17949,United Kingdom,domestic,2,1746.0,2011-01-06
15332,Lithuania,export,4,1661.06,2010-12-08
12967,United Kingdom,domestic,2,1660.9,2010-12-16
12472,Germany,export,2,1631.3,2010-12-05
17677,United Kingdom,domestic,5,1616.6,2010-12-14
16553,United Kingdom,domestic,3,1609.44,2010-12-14
12583,France,export,2,1586.02,2011-01-07
13418,United Kingdom,domestic,5,1579.62,2010-12-15
17858,United Kingdom,domestic,2,1556.85,2010-12-15
15727,United Kingdom,domestic,1,1536.85,2010-12-15
13013,United Kingdom,domestic,2,1528.34,2010-12-03
16191,United Kingdom,domestic,5,1475.22,2011-01-07
14062,United Kingdom,domestic,3,1444.12,2010-12-20
13027,United Kingdom,domestic,1,1440.0,2010-12-20
15034,United Kingdom,domestic,2,1426.35,2011-01-05
13174,United Kingdom,domestic,1,1415.97,2010-12-05
12481,Germany,export,3,1394.43,2011-01-07
12621,Germany,export,3,1383.65,2010-12-17
13488,United Kingdom,domestic,2,1381.92,2011-01-06
14505,United Kingdom,domestic,3,1367.41,2011-01-07
17857,United Kingdom,domestic,2,1340.7,2010-12-16
12709,Germany,export,2,1315.69,2010-12-17
15513,United Kingdom,domestic,2,1313.5,2010-12-09
12429,Denmark,export,1,1281.5,2010-12-09
15485,United Kingdom,domestic,2,1278.63,2011-01-07
15358,United Kingdom,domestic,4,1278.41,2011-01-05
17827,United Kingdom,domestic,3,1271.8,2010-12-10
12585,Germany,export,2,1262.85,2011-01-05
15465,United Kingdom,domestic,3,1258.15,2011-01-09
13124,United Kingdom,domestic,1,1256.32,2010-12-15
14045,United Kingdom,domestic,3,1251.75,2011-01-06
17809,United Kingdom,domestic,3,1251.5,2010-12-03
14146,United Kingdom,domestic,1,1241.43,2010-12-17
15498,United Kingdom,domestic,4,1220.12,2011-01-05
17428,United Kingdom,domestic,4,1216.99,2011-01-06
13050,United Kingdom,domestic,6,1199.87,2010-12-20
13564,United Kingdom,domestic,2,1198.38,2010-12-20
12647,Germany,export,5,1193.6,2010-12-17
14085,United Kingdom,domestic,4,1190.24,2010-12-23
14961,United Kingdom,domestic,3,1182.7,2011-01-06
16003,United Kingdom,domestic,1,1181.0,2010-12-15
14180,United Kingdom,domestic,5,1180.85,2011-01-04
12921,United Kingdom,domestic,3,1169.5,2011-01-05
14565,United Kingdom,domestic,1,1167.41,2010-12-13
14527,United Kingdom,domestic,10,1155.24,2011-01-05
12766,Portugal,export,1,1149.29,2010-12-08
15983,United Kingdom,domestic,3,1148.27,2010-12-14
13758,United Kingdom,domestic,3,1141.25,2011-01-09
16270,United Kingdom,domestic,1,1141.24,2010-12-21
12484,Spain,export,1,1138.67,2011-01-07
14135,United Kingdom,domestic,5,1133.05,2011-01-06
16705,United Kingdom,domestic,4,1131.72,2011-01-06
17243,United Kingdom,domestic,4,1123.85,2011-01-09
16779,United Kingdom,domestic,4,1122.78,2011-01-07
14544,United Kingdom,domestic,1,1121.92,2010-12-13
13941,United Kingdom,domestic,2,1095.12,2010-12-03
15157,United Kingdom,domestic,2,1085.46,2010-12-17
15615,United Kingdom,domestic,3,1081.19,2010-12-15
17865,United Kingdom,domestic,2,1079.83,2010-12-17
13097,United Kingdom,domestic,2,1076.19,2011-01-06
12731,France,export,1,1071.9,2010-12-10
15570,United Kingdom,domestic,3,1064.64,2010-12-17
12683,France,export,3,1063.08,2011-01-05
16244,United Kingdom,domestic,1,1056.63,2010-12-02
17975,United Kingdom,domestic,3,1053.37,2011-01-04
14299,United Kingdom,domestic,4,1051.14,2011-01-06
15464,United Kingdom,domestic,1,1048.85,2011-01-05
14796,United Kingdom,domestic,4,1028.82,2010-12-13
18041,United Kingdom,domestic,5,1011.99,2011-01-06
13090,United Kingdom,domestic,3,1008.4,2010-12-09
13756,United Kingdom,domestic,3,1004.4,2010-12-16
12377,Switzerland,export,1,1001.52,2010-12-20
15555,United Kingdom,domestic,4,989.82,2010-12-13
13069,United Kingdom,domestic,5,985.06,2011-01-09
17819,United Kingdom,domestic,2,980.12,2010-12-12
16839,United Kingdom,domestic,2,979.71,2011-01-07
13102,United Kingdom,domestic,3,975.2,2011-01-09
13576,United Kingdom,domestic,2,972.83,2011-01-06
14907,United Kingdom,domestic,4,960.69,2010-12-14
15838,United Kingdom,domestic,2,957.5,2010-12-07
14739,United Kingdom,domestic,2,943.44,2011-01-05
13715,United Kingdom,domestic,7,941.85,2011-01-06
17838,United Kingdom,domestic,2,935.56,2010-12-09
16985,United Kingdom,domestic,1,933.32,2010-12-16
15502,United Kingdom,domestic,6,929.4,2010-12-06
14057,United Kingdom,domestic,2,925.92,2010-12-14
16814,United Kingdom,domestic,2,917.42,2011-01-04
16923,United Kingdom,domestic,3,915.7,2011-01-09
13199,United Kingdom,domestic,3,911.24,2011-01-05
13468,United Kingdom,domestic,4,911.0,2010-12-16
17722,United Kingdom,domestic,2,910.14,2010-12-14
17188,United Kingdom,domestic,3,902.36,2011-01-04
15002,United Kingdom,domestic,2,893.15,2011-01-05
12348,Finland,export,1,892.8,2010-12-16
12980,United Kingdom,domestic,2,889.32,2010-12-23
13078,United Kingdom,domestic,4,881.16,2010-12-15
12540,Spain,export,1,881.01,2010-12-13
16558,United Kingdom,domestic,3,880.55,2010-12-17
14415,United Kingdom,domestic,2,875.18,2010-12-14
14060,United Kingdom,domestic,3,874.04,2010-12-15
13495,United Kingdom,domestic,3,865.43,2010-12-15
15998,United Kingdom,domestic,1,863.39,2010-12-12
12705,Germany,export,1,858.0,2010-12-17
15694,United Kingdom,domestic,3,847.33,2010-12-14
16265,United Kingdom,domestic,2,840.81,2010-12-10
13448,United Kingdom,domestic,5,829.54,2010-12-13
15078,United Kingdom,domestic,5,818.65,2010-12-20
12480,Germany,export,1,816.25,2011-01-07
15649,United Kingdom,domestic,2,816.0,2011-01-07
16143,United Kingdom,domestic,3,811.35,2010-12-20
15235,United Kingdom,domestic,4,807.29,2011-01-05
16525,United Kingdom,domestic,2,802.44,2010-12-16
16722,United Kingdom,domestic,3,799.52,2010-12-14
16033,United Kingdom,domestic,3,790.83,2011-01-05
18260,United Kingdom,domestic,2,787.77,2011-01-09
16456,United Kingdom,domestic,1,787.4,2010-12-01
17581,United Kingdom,domestic,3,786.78,2010-12-23
17634,United Kingdom,domestic,1,785.65,2011-01-06
17377,United Kingdom,domestic,4,785.08,2010-12-17
14307,United Kingdom,domestic,1,783.11,2010-12-01
15708,United Kingdom,domestic,3,782.45,2011-01-09
17211,United Kingdom,domestic,3,779.71,2010-12-21
14702,United Kingdom,domestic,3,778.05,2011-01-09
14290,United Kingdom,domestic,1,777.56,2010-12-13
17218,United Kingdom,domestic,4,775.63,2011-01-09
12431,Australia,export,2,773.95,2010-12-17
17338,United Kingdom,domestic,1,767.6,2010-12-13
15547,United Kingdom,domestic,1,767.37,2010-12-12
16713,United Kingdom,domestic,4,758.54,2010-12-20
13370,United Kingdom,domestic,2,754.87,2010-12-08
14016,EIRE,export,1,753.74,2010-12-17
13162,United Kingdom,domestic,1,753.26,2011-01-09
16539,United Kingdom,domestic,2,747.25,2010-12-16
13327,United Kingdom,domestic,2,745.0,2010-12-09
17085,United Kingdom,domestic,3,740.44,2010-12-20
16656,United Kingdom,domestic,3,739.04,2011-01-06
12839,United Kingdom,domestic,2,737.45,2010-12-17
17787,United Kingdom,domestic,1,736.28,2010-12-03
17920,United Kingdom,domestic,2,735.91,2010-12-06
12841,United Kingdom,domestic,3,730.1,2011-01-06
15482,United Kingdom,domestic,2,723.64,2010-12-16
16019,United Kingdom,domestic,2,723.35,2011-01-07
17059,United Kingdom,domestic,1,722.36,2010-12-05
13599,United Kingdom,domestic,5,721.98,2011-01-06
17284,United Kingdom,domestic,1,716.11,2011-01-07
12347,Iceland,export,1,711.79,2010-12-07
17757,United Kingdom,domestic,5,711.3,2011-01-09
13178,United Kingdom,domestic,1,710.0,2010-12-14
12747,United Kingdom,domestic,2,706.27,2010-12-13
15298,United Kingdom,domestic,2,703.34,2011-01-05
17406,United Kingdom,domestic,1,702.1,2010-12-08
15100,United Kingdom,domestic,4,700.8,2010-12-16
13455,United Kingdom,domestic,1,692.94,2010-12-08
18109,United Kingdom,domestic,4,691.73,2011-01-05
17690,United Kingdom,domestic,4,687.9,2010-12-10
14952,United Kingdom,domestic,2,686.16,2010-12-10
17449,United Kingdom,domestic,1,684.26,2010-12-15
12395,Belgium,export,3,679.92,2011-01-05
14639,United Kingdom,domestic,2,676.54,2010-12-16
14030,United Kingdom,domestic,2,676.5,2010-12-08
17655,United Kingdom,domestic,2,676.1,2010-12-16
14189,United Kingdom,domestic,2,676.04,2011-01-05
16255,United Kingdom,domestic,2,673.85,2011-01-04
15301,United Kingdom,domestic,1,673.37,2010-12-06
16145,United Kingdom,domestic,3,668.84,2011-01-05
14210,United Kingdom,domestic,2,668.61,2011-01-04
18116,United Kingdom,domestic,3,665.57,2010-12-23
17593,United Kingdom,domestic,1,662.9,2010-12-22
13269,United Kingdom,domestic,2,662.17,2010-12-13
16735,United Kingdom,domestic,1,660.36,2011-01-09
13629,United Kingdom,domestic,1,660.0,2011-01-05
18097,United Kingdom,domestic,2,657.18,2011-01-04
12720,Germany,export,3,657.13,2010-12-17
14440,United Kingdom,domestic,1,656.7,2010-12-09
16607,United Kingdom,domestic,3,654.82,2010-12-17
18229,United Kingdom,domestic,2,653.2,2010-12-08
13324,United Kingdom,domestic,1,650.1,2010-12-14
15291,United Kingdom,domestic,2,648.9,2010-12-17
12971,United Kingdom,domestic,9,646.49,2011-01-09
13426,United Kingdom,domestic,2,639.43,2011-01-07
13183,United Kingdom,domestic,1,625.04,2011-01-09
16718,United Kingdom,domestic,1,623.75,2010-12-05
13267,United Kingdom,domestic,5,622.3,2010-12-20
12557,Spain,export,1,620.0,2010-12-03
14032,United Kingdom,domestic,4,619.42,2010-12-23
17213,United Kingdom,domestic,4,615.85,2011-01-05
14472,United Kingdom,domestic,2,614.14,2011-01-09
13842,United Kingdom,domestic,2,613.57,2011-01-07
16353,United Kingdom,domestic,5,612.0,2011-01-05
15005,United Kingdom,domestic,4,611.46,2011-01-09
13854,United Kingdom,domestic,3,609.44,2010-12-23
18118,United Kingdom,domestic,2,608.51,2010-12-10
12947,United Kingdom,domestic,3,605.7,2011-01-07
14092,United Kingdom,domestic,3,601.73,2010-12-22
12383,Belgium,export,1,600.72,2010-12-22
15574,United Kingdom,domestic,3,590.15,2010-12-16
13270,United Kingdom,domestic,1,590.0,2010-12-08
15394,United Kingdom,domestic,1,587.66,2010-12-16
14625,United Kingdom,domestic,2,585.53,2010-12-13
17069,United Kingdom,domestic,3,583.2,2010-12-23
16719,United Kingdom,domestic,2,583.18,2011-01-05
14828,United Kingdom,domestic,1,582.0,2011-01-07
16782,United Kingdom,domestic,4,577.99,2010-12-15
16161,United Kingdom,domestic,5,576.3,2010-12-15
15955,United Kingdom,domestic,1,572.38,2010-12-02
14282,United Kingdom,domestic,1,571.0,2010-12-07
17961,United Kingdom,domestic,3,569.75,2010-12-21
13523,United Kingdom,domestic,1,566.95,2010-12-08
14849,United Kingdom,domestic,5,566.89,2010-12-16
17368,United Kingdom,domestic,1,563.15,2011-01-06
13593,United Kingdom,domestic,1,559.85,2011-01-07
16567,United Kingdom,domestic,1,557.56,2011-01-07
15867,United Kingdom,domestic,3,557.22,2010-12-20
15197,United Kingdom,domestic,1,556.5,2010-12-16
16550,United Kingdom,domestic,2,554.66,2010-12-06
12483,Sweden,export,2,547.56,2011-01-04
13126,United Kingdom,domestic,3,547.31,2011-01-05
15716,United Kingdom,domestic,1,547.1,2010-12-05
12793,Portugal,export,2,545.48,2011-01-09
16477,United Kingdom,domestic,2,544.4,2010-12-22
13874,United Kingdom,domestic,1,540.45,2010-12-16
16919,United Kingdom,domestic,2,540.01,2010-12-14
15373,United Kingdom,domestic,3,537.1,2011-01-04
16327,United Kingdom,domestic,1,535.6,2010-12-05
16455,United Kingdom,domestic,3,531.98,2010-12-13
16710,United Kingdom,domestic,2,524.97,2010-12-14
14256,United Kingdom,domestic,1,523.86,2010-12-10
16889,United Kingdom,domestic,1,523.05,2011-01-07
15898,United Kingdom,domestic,2,521.69,2010-12-07
17198,United Kingdom,domestic,2,521.66,2010-12-09
17567,United Kingdom,domestic,1,517.95,2010-12-02
17894,United Kingdom,domestic,4,515.85,2010-12-22
17341,United Kingdom,domestic,1,513.6,2010-12-08
15046,United Kingdom,domestic,1,511.95,2011-01-05
17191,United Kingdom,domestic,3,510.11,2010-12-06
18144,United Kingdom,domestic,2,502.65,2010-12-14
18223,United Kingdom,domestic,2,501.69,2010-12-21
13496,United Kingdom,domestic,2,501.01,2010-12-16
13953,United Kingdom,domestic,1,500.0,2010-12-22
13764,United Kingdom,domestic,1,499.89,2011-01-06
13221,United Kingdom,domestic,1,498.16,2010-12-15
14901,United Kingdom,domestic,4,497.05,2010-12-14
14741,United Kingdom,domestic,2,495.3,2010-12-13
15024,United Kingdom,domestic,2,491.22,2010-12-07
18074,United Kingdom,domestic,1,489.6,2010-12-01
14755,United Kingdom,domestic,1,488.46,2011-01-09
16503,United Kingdom,domestic,2,488.09,2010-12-16
15165,United Kingdom,domestic,1,487.75,2010-12-01
16812,United Kingdom,domestic,1,479.35,2010-12-14
12413,France,export,2,479.25,2011-01-06
16748,United Kingdom,domestic,1,479.0,2011-01-09
15680,United Kingdom,domestic,1,478.89,2010-12-08
17706,United Kingdom,domestic,3,477.83,2010-12-08
17890,United Kingdom,domestic,1,476.96,2010-12-13
16701,United Kingdom,domestic,1,476.76,2010-12-13
13253,United Kingdom,domestic,1,476.48,2011-01-04
18176,United Kingdom,domestic,2,476.35,2010-12-21
14243,United Kingdom,domestic,2,472.0,2010-12-17
16218,United Kingdom,domestic,1,471.3,2010-12-01
13534,United Kingdom,domestic,4,471.2,2011-01-07
14723,United Kingdom,domestic,3,471.0,2010-12-16
12712,Germany,export,3,470.63,2010-12-09
14748,United Kingdom,domestic,2,470.42,2010-12-06
12668,Germany,export,1,469.87,2010-12-19
16676,United Kingdom,domestic,1,464.82,2011-01-06
12782,Portugal,export,2,463.5,2011-01-05
17685,United Kingdom,domestic,2,463.02,2010-12-14
14525,United Kingdom,domestic,1,462.3,2010-12-13
15023,United Kingdom,domestic,1,460.6,2010-12-05
17402,United Kingdom,domestic,2,459.97,2010-12-05
14083,United Kingdom,domestic,3,459.89,2010-12-20
17880,United Kingdom,domestic,1,458.92,2010-12-10
17735,United Kingdom,domestic,1,454.6,2010-12-07
17320,United Kingdom,domestic,1,450.92,2010-12-06
18168,United Kingdom,domestic,4,449.94,2010-12-15
17412,United Kingdom,domestic,2,447.76,2010-12-16
14688,United Kingdom,domestic,1,444.98,2010-12-01
16163,United Kingdom,domestic,1,441.6,2010-12-09
15822,United Kingdom,domestic,1,440.2,2010-12-15
16725,United Kingdom,domestic,4,439.5,2011-01-04
15811,United Kingdom,domestic,2,438.8,2010-12-17
18239,United Kingdom,domestic,1,438.1,2010-12-02
16241,United Kingdom,domestic,2,438.03,2011-01-04
17062,United Kingdom,domestic,4,435.73,2010-12-16
17897,United Kingdom,domestic,3,434.62,2010-12-07
14737,United Kingdom,domestic,1,434.0,2010-12-21
14113,United Kingdom,domestic,2,433.5,2010-12-20
14533,United Kingdom,domestic,1,433.5,2010-12-22
15719,United Kingdom,domestic,1,433.04,2011-01-06
16098,United Kingdom,domestic,1,430.6,2010-12-01
16743,United Kingdom,domestic,1,430.28,2010-12-16
15950,United Kingdom,domestic,1,428.82,2010-12-15
13982,United Kingdom,domestic,1,428.6,2010-12-09
12725,Italy,export,1,427.8,2010-12-03
13030,United Kingdom,domestic,1,427.74,2010-12-06
14713,United Kingdom,domestic,2,425.85,2010-12-16
15620,United Kingdom,domestic,1,424.49,2010-12-16
17400,United Kingdom,domestic,1,424.17,2010-12-21
14081,United Kingdom,domestic,1,423.52,2010-12-05
17525,United Kingdom,domestic,1,422.7,2010-12-15
15260,United Kingdom,domestic,2,420.5,2010-12-02
14708,United Kingdom,domestic,2,419.06,2010-12-14
15361,United Kingdom,domestic,1,418.92,2010-12-13
17585,United Kingdom,domestic,1,417.81,2011-01-05
12913,United Kingdom,domestic,1,417.62,2010-12-06
18226,United Kingdom,domestic,1,417.3,2011-01-06
16795,United Kingdom,domestic,1,414.88,2010-12-09
17158,United Kingdom,domestic,1,413.79,2010-12-14
12957,United Kingdom,domestic,2,413.68,2011-01-06
14573,United Kingdom,domestic,1,413.1,2010-12-02
15426,United Kingdom,domestic,2,411.42,2010-12-06
13846,United Kingdom,domestic,1,411.4,2010-12-14
17951,United Kingdom,domestic,3,409.5,2010-12-20
14560,United Kingdom,domestic,2,408.17,2010-12-23
13831,United Kingdom,domestic,1,408.0,2010-12-05
17591,United Kingdom,domestic,1,406.6,2010-12-07
14775,United Kingdom,domestic,1,406.56,2010-12-02
16011,United Kingdom,domestic,2,406.1,2010-12-12
18061,United Kingdom,domestic,1,405.16,2010-12-08
16670,United Kingdom,domestic,1,403.61,2010-12-16
15221,United Kingdom,domestic,2,403.25,2010-12-08
15596,United Kingdom,domestic,1,402.32,2010-12-09
12386,Australia,export,2,401.9,2011-01-06
17790,United Kingdom,domestic,5,399.55,2010-12-17
17001,United Kingdom,domestic,1,397.96,2010-12-16
17396,United Kingdom,domestic,1,397.5,2010-12-03
17796,United Kingdom,domestic,2,396.9,2011-01-09
14825,United Kingdom,domestic,2,396.43,2010-12-16
18077,United Kingdom,domestic,2,396.33,2010-12-19
14841,United Kingdom,domestic,1,395.16,2010-12-16
17671,United Kingdom,domestic,1,394.18,2010-12-09
17905,United Kingdom,domestic,2,394.15,2010-12-22
16150,United Kingdom,domestic,2,393.42,2011-01-07
17596,United Kingdom,domestic,1,392.62,2010-12-06
12928,United Kingdom,domestic,1,392.34,2010-12-15
17682,United Kingdom,domestic,1,391.5,2010-12-06
12838,United Kingdom,domestic,1,390.79,2010-12-01
18219,United Kingdom,domestic,2,390.06,2010-12-14
13117,United Kingdom,domestic,2,388.15,2010-12-09
12530,Germany,export,1,387.4,2011-01-07
13668,United Kingdom,domestic,3,386.22,2011-01-09
17457,United Kingdom,domestic,1,385.8,2011-01-04
14829,United Kingdom,domestic,4,385.33,2010-12-15
17863,United Kingdom,domestic,1,384.72,2010-12-05
13198,United Kingdom,domestic,2,384.55,2010-12-14
15858,United Kingdom,domestic,1,383.93,2010-12-07
12515,Italy,export,1,383.7,2010-12-21
14099,United Kingdom,domestic,1,383.52,2010-12-20
15211,United Kingdom,domestic,1,383.07,2010-12-09
13029,United Kingdom,domestic,1,382.5,2010-12-21
16016,United Kingdom,domestic,2,382.27,2010-12-08
17259,United Kingdom,domestic,1,381.64,2010-12-06
14466,United Kingdom,domestic,1,379.75,2010-12-02
13155,United Kingdom,domestic,1,379.7,2010-12-06
13082,United Kingdom,domestic,1,379.44,2011-01-05
16293,United Kingdom,domestic,1,378.75,2010-12-07
12872,United Kingdom,domestic,1,378.53,2010-12-09
17744,United Kingdom,domestic,1,377.52,2010-12-16
13094,United Kingdom,domestic,3,376.32,2011-01-06
18259,United Kingdom,domestic,1,376.3,2010-12-08
16858,United Kingdom,domestic,2,375.69,2010-12-08
17419,United Kingdom,domestic,2,374.27,2010-12-07
14673,United Kingdom,domestic,1,373.49,2010-12-07
13113,United Kingdom,domestic,2,372.97,2010-12-08
16065,United Kingdom,domestic,1,372.09,2010-12-09
15882,United Kingdom,domestic,3,371.32,2010-12-06
15805,United Kingdom,domestic,1,370.8,2010-12-10
17372,United Kingdom,domestic,2,370.78,2010-12-14
17238,United Kingdom,domestic,2,370.09,2010-12-03
15922,United Kingdom,domestic,2,369.5,2010-12-02
16875,United Kingdom,domestic,1,368.8,2011-01-04
16365,United Kingdom,domestic,2,368.46,2010-12-15
16817,United Kingdom,domestic,3,367.3,2010-12-15
13963,United Kingdom,domestic,2,366.71,2011-01-04
13047,United Kingdom,domestic,4,366.63,2011-01-06
12963,United Kingdom,domestic,1,365.8,2010-12-09
18245,United Kingdom,domestic,1,365.73,2010-12-19
15777,United Kingdom,domestic,2,365.55,2010-12-16
15356,United Kingdom,domestic,2,365.54,2010-12-14
16499,United Kingdom,domestic,5,365.45,2010-12-14
16202,United Kingdom,domestic,1,365.27,2010-12-14
16686,United Kingdom,domestic,2,364.98,2010-12-19
14293,United Kingdom,domestic,1,364.92,2010-12-06
15271,United Kingdom,domestic,2,364.85,2011-01-06
16931,United Kingdom,domestic,2,364.66,2010-12-17
14932,Channel Islands,export,1,363.53,2010-12-09
14107,United Kingdom,domestic,2,363.24,2010-12-20
12867,United Kingdom,domestic,2,362.79,2010-12-14
17739,United Kingdom,domestic,1,360.06,2010-12-14
17659,United Kingdom,domestic,2,359.95,2010-12-16
17019,United Kingdom,domestic,1,358.82,2010-12-06
16274,United Kingdom,domestic,1,357.95,2010-12-01
14643,United Kingdom,domestic,2,357.94,2010-12-21
13004,United Kingdom,domestic,1,357.01,2010-12-17
15532,United Kingdom,domestic,1,356.35,2010-12-16
17228,United Kingdom,domestic,2,355.95,2010-12-07
14344,United Kingdom,domestic,3,355.65,2010-12-16
16955,United Kingdom,domestic,4,354.98,2011-01-07
13165,United Kingdom,domestic,1,354.64,2010-12-23
15544,United Kingdom,domestic,1,354.54,2010-12-02
15862,United Kingdom,domestic,1,354.23,2010-12-01
17976,United Kingdom,domestic,1,353.19,2010-12-02
15789,United Kingdom,domestic,1,351.3,2010-12-16
13108,United Kingdom,domestic,1,350.06,2010-12-02
14769,United Kingdom,domestic,2,347.01,2010-12-21
14577,United Kingdom,domestic,1,346.9,2010-12-12
16954,United Kingdom,domestic,1,346.8,2010-12-15
17293,United Kingdom,domestic,1,346.14,2010-12-13
18065,United Kingdom,domestic,3,345.02,2010-12-16
15587,United Kingdom,domestic,1,344.88,2010-12-23
14653,United Kingdom,domestic,1,344.81,2011-01-05
15880,United Kingdom,domestic,2,343.28,2010-12-05
17692,United Kingdom,domestic,1,343.26,2010-12-15
17235,United Kingdom,domestic,1,341.9,2010-12-02
15750,United Kingdom,domestic,3,340.52,2010-12-09
15392,United Kingdom,domestic,2,338.98,2010-12-16
16904,United Kingdom,domestic,2,338.7,2010-12-07
16083,United Kingdom,domestic,1,337.98,2010-12-14
16700,United Kingdom,domestic,1,336.94,2010-12-08
18179,United Kingdom,domestic,1,335.8,2011-01-07
17519,United Kingdom,domestic,2,335.3,2010-12-14
12489,France,export,1,334.93,2011-01-07
16560,United Kingdom,domestic,1,332.18,2010-12-16
15841,United Kingdom,domestic,1,331.6,2011-01-05
15738,United Kingdom,domestic,2,329.65,2010-12-09
13983,United Kingdom,domestic,1,329.36,2010-12-08
14409,United Kingdom,domestic,3,328.8,2010-12-06
17491,United Kingdom,domestic,1,327.4,2010-12-07
14810,United Kingdom,domestic,2,326.99,2011-01-09
17616,United Kingdom,domestic,1,326.4,2010-12-07
17870,United Kingdom,domestic,1,326.4,2010-12-08
15363,United Kingdom,domestic,1,326.0,2010-12-02
15581,United Kingdom,domestic,4,325.96,2010-12-21
16520,United Kingdom,domestic,1,325.76,2010-12-09
13750,United Kingdom,domestic,1,325.44,2011-01-07
17884,United Kingdom,domestic,2,324.62,2010-12-06
17306,United Kingdom,domestic,1,324.0,2010-12-21
13869,United Kingdom,domestic,1,323.62,2010-12-17
13769,United Kingdom,domestic,2,322.3,2010-12-14
14156,EIRE,export,2,322.2,2010-12-03
15224,United Kingdom,domestic,3,322.08,2010-12-16
14878,United Kingdom,domestic,1,322.01,2010-12-16
15529,United Kingdom,domestic,2,321.46,2010-12-10
17618,United Kingdom,domestic,1,320.28,2010-12-12
15799,United Kingdom,domestic,1,320.22,2011-01-09
14334,United Kingdom,domestic,1,320.15,2010-12-16
12763,Japan,export,1,320.08,2010-12-05
13848,United Kingdom,domestic,1,320.0,2010-12-08
12735,France,export,1,319.77,2011-01-06
15628,United Kingdom,domestic,1,319.18,2010-12-08
13209,United Kingdom,domestic,2,318.85,2010-12-16
13705,United Kingdom,domestic,1,318.14,2010-12-01
13969,United Kingdom,domestic,1,317.59,2010-12-09
17220,United Kingdom,domestic,1,317.5,2010-12-10
15204,United Kingdom,domestic,1,316.58,2010-12-17
18043,United Kingdom,domestic,1,316.46,2010-12-08
17990,United Kingdom,domestic,2,316.0,2010-12-21
15192,United Kingdom,domestic,1,315.0,2010-12-09
14709,United Kingdom,domestic,1,314.1,2010-12-16
15525,United Kingdom,domestic,1,313.93,2010-12-01
13077,United Kingdom,domestic,1,313.72,2010-12-08
14729,United Kingdom,domestic,1,313.49,2010-12-01
17095,United Kingdom,domestic,1,313.15,2011-01-09
14220,United Kingdom,domestic,1,312.98,2010-12-16
14221,United Kingdom,domestic,1,312.95,2011-01-04
14388,United Kingdom,domestic,2,312.8,2010-12-08
17392,United Kingdom,domestic,1,312.41,2010-12-16
12785,Portugal,export,1,311.95,2010-12-10
14142,United Kingdom,domestic,1,311.81,2010-12-01
15353,United Kingdom,domestic,1,311.65,2010-12-07
16746,United Kingdom,domestic,1,311.64,2010-12-16
16781,United Kingdom,domestic,2,311.25,2010-12-09
13627,United Kingdom,domestic,1,311.19,2010-12-17
16551,United Kingdom,domestic,1,311.07,2011-01-07
16556,United Kingdom,domestic,1,310.85,2010-12-14
14312,United Kingdom,domestic,1,309.55,2011-01-06
16833,United Kingdom,domestic,1,309.48,2011-01-09
13148,United Kingdom,domestic,2,309.4,2010-12-21
13652,United Kingdom,domestic,1,308.8,2010-12-06
14395,United Kingdom,domestic,1,308.68,2010-12-02
15641,United Kingdom,domestic,1,308.37,2010-12-15
13369,United Kingdom,domestic,2,308.28,2010-12-20
13402,United Kingdom,domestic,1,308.28,2010-12-02
16316,United Kingdom,domestic,2,308.22,2011-01-05
15973,United Kingdom,domestic,2,307.82,2011-01-04
17033,United Kingdom,domestic,1,307.8,2010-12-15
16186,United Kingdom,domestic,1,307.68,2010-12-02
13280,United Kingdom,domestic,1,307.35,2011-01-06
13313,United Kingdom,domestic,1,307.3,2011-01-04
16717,United Kingdom,domestic,1,307.25,2010-12-08
17551,United Kingdom,domestic,1,306.84,2010-12-15
15658,United Kingdom,domestic,1,306.2,2010-12-02
14150,United Kingdom,domestic,1,306.18,2010-12-15
14621,United Kingdom,domestic,1,305.7,2010-12-16
13531,United Kingdom,domestic,1,305.45,2010-12-08
17041,United Kingdom,domestic,2,304.5,2010-12-14
14496,United Kingdom,domestic,1,304.34,2010-12-01
13233,United Kingdom,domestic,1,304.24,2011-01-07
13329,United Kingdom,domestic,3,304.2,2010-12-20
17732,United Kingdom,domestic,1,303.97,2010-12-02
18085,United Kingdom,domestic,1,303.9,2010-12-01
15384,United Kingdom,domestic,2,303.57,2010-12-15
12427,Germany,export,2,303.5,2010-12-23
14443,United Kingdom,domestic,3,303.5,2010-12-06
13520,Switzerland,export,1,303.4,2010-12-03
15845,United Kingdom,domestic,1,303.36,2011-01-06
13611,United Kingdom,domestic,1,303.15,2010-12-15
13999,United Kingdom,domestic,1,302.1,2010-12-13
14001,United Kingdom,domestic,1,301.24,2010-12-01
13506,United Kingdom,domestic,1,301.12,2010-12-05
17978,United Kingdom,domestic,1,300.92,2010-12-09
14913,United Kingdom,domestic,1,300.87,2010-12-15
14867,United Kingdom,domestic,2,300.74,2011-01-07
17676,United Kingdom,domestic,1,300.7,2010-12-08
17674,United Kingdom,domestic,1,300.66,2010-12-06
18178,United Kingdom,domestic,1,300.65,2010-12-10
17530,United Kingdom,domestic,1,300.64,2010-12-09
18198,United Kingdom,domestic,1,300.54,2011-01-07
16037,United Kingdom,domestic,1,300.46,2010-12-16
13304,United Kingdom,domestic,1,300.42,2010-12-23
13397,United Kingdom,domestic,1,299.92,2011-01-04
17315,United Kingdom,domestic,3,299.48,2011-01-04
16546,United Kingdom,domestic,2,299.4,2010-12-02
17552,United Kingdom,domestic,2,298.52,2010-12-02
17146,United Kingdom,domestic,1,298.25,2010-12-16
15889,United Kingdom,domestic,1,297.92,2010-12-05
17068,United Kingdom,domestic,2,297.45,2010-12-16
17576,United Kingdom,domestic,2,297.0,2010-12-13
16771,United Kingdom,domestic,1,296.66,2011-01-05
14047,United Kingdom,domestic,4,296.22,2011-01-07
17980,United Kingdom,domestic,1,295.2,2010-12-15
13145,United Kingdom,domestic,1,295.0,2010-12-02
14696,United Kingdom,domestic,2,294.62,2010-12-09
12875,United Kingdom,domestic,1,293.76,2010-12-12
17091,United Kingdom,domestic,1,293.45,2010-12-07
12829,United Kingdom,domestic,2,293.0,2011-01-07
17223,United Kingdom,domestic,1,292.84,2010-12-06
16393,United Kingdom,domestic,3,291.55,2010-12-12
12417,Belgium,export,2,291.34,2011-01-06
15279,United Kingdom,domestic,2,290.51,2010-12-20
17691,United Kingdom,domestic,2,290.4,2010-12-16
15312,United Kingdom,domestic,2,289.74,2010-12-20
17912,United Kingdom,domestic,5,289.41,2010-12-15
16125,United Kingdom,domestic,1,289.35,2010-12-07
15111,United Kingdom,domestic,1,288.5,2010-12-02
12944,United Kingdom,domestic,1,286.95,2010-12-20
12721,France,export,2,286.6,2010-12-20
14672,United Kingdom,domestic,1,285.28,2011-01-07
16134,United Kingdom,domestic,2,283.53,2010-12-20
17251,United Kingdom,domestic,1,283.28,2010-12-12
14161,United Kingdom,domestic,1,283.15,2010-12-05
16945,United Kingdom,domestic,1,279.85,2010-12-16
17924,United Kingdom,domestic,3,279.0,2010-12-20
17968,United Kingdom,domestic,1,277.35,2010-12-01
16168,United Kingdom,domestic,1,275.8,2010-12-05
14524,United Kingdom,domestic,1,275.45,2010-12-14
12600,Germany,export,2,274.8,2010-12-17
15351,United Kingdom,domestic,2,274.67,2010-12-05
16727,United Kingdom,domestic,1,272.82,2010-12-10
17496,United Kingdom,domestic,1,271.05,2010-12-16
15919,United Kingdom,domestic,1,270.72,2010-12-06
15563,United Kingdom,domestic,1,270.19,2010-12-16
14506,United Kingdom,domestic,1,269.7,2010-12-05
17262,United Kingdom,domestic,1,268.86,2010-12-08
16326,United Kingdom,domestic,1,267.2,2011-01-09
15996,United Kingdom,domestic,1,263.25,2010-12-08
17950,United Kingdom,domestic,3,263.17,2010-12-09
16770,United Kingdom,domestic,3,262.2,2010-12-16
17964,United Kingdom,domestic,1,261.76,2010-12-02
12662,Germany,export,1,261.48,2010-12-01
15752,United Kingdom,domestic,1,259.65,2010-12-02
18071,United Kingdom,domestic,1,258.95,2010-12-09
12942,United Kingdom,domestic,1,258.75,2010-12-09
14896,United Kingdom,domestic,1,257.22,2010-12-09
16048,United Kingdom,domestic,2,256.44,2010-12-01
14594,United Kingdom,domestic,1,255.0,2010-12-01
14543,United Kingdom,domestic,1,254.4,2010-12-10
16905,United Kingdom,domestic,1,254.4,2010-12-03
12797,Portugal,export,3,254.03,2010-12-14
17860,United Kingdom,domestic,1,252.8,2010-12-06
17194,United Kingdom,domestic,1,252.62,2010-12-14
14735,United Kingdom,domestic,1,252.2,2010-12-16
17646,United Kingdom,domestic,1,251.0,2010-12-09
17303,United Kingdom,domestic,1,250.04,2010-12-13
17456,United Kingdom,domestic,1,249.86,2010-12-09
12779,Poland,export,1,248.16,2010-12-03
16510,United Kingdom,domestic,1,248.1,2010-12-02
17346,United Kingdom,domestic,2,247.84,2010-12-15
16062,United Kingdom,domestic,1,247.56,2010-12-10
14401,United Kingdom,domestic,1,247.38,2010-12-15
17358,United Kingdom,domestic,1,246.7,2010-12-19
17611,United Kingdom,domestic,1,244.19,2010-12-13
17925,United Kingdom,domestic,1,244.08,2010-12-02
17908,United Kingdom,domestic,1,243.28,2010-12-01
16306,United Kingdom,domestic,2,243.25,2011-01-06
15456,United Kingdom,domestic,1,243.22,2010-12-15
17179,United Kingdom,domestic,1,243.0,2010-12-13
17621,United Kingdom,domestic,1,239.4,2010-12-20
17629,United Kingdom,domestic,1,238.65,2010-12-15
17526,United Kingdom,domestic,3,238.6,2010-12-14
13838,United Kingdom,domestic,1,238.11,2010-12-05
13317,United Kingdom,domestic,2,238.05,2010-12-16
12423,Belgium,export,1,237.93,2010-12-21
13187,United Kingdom,domestic,1,236.02,2011-01-06
16583,United Kingdom,domestic,1,233.45,2010-12-01
15916,United Kingdom,domestic,3,232.45,2010-12-08
16891,United Kingdom,domestic,1,232.26,2010-12-03
17231,United Kingdom,domestic,2,232.01,2010-12-13
16775,United Kingdom,domestic,1,231.9,2010-12-07
15984,United Kingdom,domestic,2,230.59,2011-01-05
13786,United Kingdom,domestic,1,230.4,2010-12-07
16926,United Kingdom,domestic,1,230.25,2010-12-03
15380,United Kingdom,domestic,1,230.1,2010-12-09
15854,United Kingdom,domestic,1,230.1,2010-12-13
16654,United Kingdom,domestic,1,227.4,2010-12-06
17189,United Kingdom,domestic,1,227.22,2010-12-15
16250,United Kingdom,domestic,1,226.14,2010-12-01
13255,United Kingdom,domestic,1,225.7,2010-12-01
14744,United Kingdom,domestic,1,225.0,2010-12-08
13240,United Kingdom,domestic,1,224.07,2010-12-09
14390,United Kingdom,domestic,2,223.7,2010-12-02
17799,United Kingdom,domestic,1,223.48,2010-12-13
17287,United Kingdom,domestic,2,222.7,2010-12-07
14532,United Kingdom,domestic,1,222.6,2010-12-22
15527,United Kingdom,domestic,1,221.4,2010-12-20
12678,France,export,2,221.28,2010-12-21
14217,United Kingdom,domestic,3,220.8,2011-01-07
15290,United Kingdom,domestic,1,219.6,2010-12-15
16927,United Kingdom,domestic,1,218.1,2010-12-13
17913,United Kingdom,domestic,1,218.05,2010-12-19
17812,United Kingdom,domestic,1,217.55,2010-12-06
14414,United Kingdom,domestic,1,217.2,2010-12-16
15460,United Kingdom,domestic,1,216.76,2010-12-20
16470,United Kingdom,domestic,2,216.34,2010-12-16
17135,United Kingdom,domestic,1,215.58,2010-12-03
17873,United Kingdom,domestic,1,215.15,2010-12-01
16153,United Kingdom,domestic,1,215.01,2010-12-20
16805,United Kingdom,domestic,1,214.77,2010-12-14
13959,United Kingdom,domestic,1,214.74,2010-12-12
17869,United Kingdom,domestic,1,214.32,2010-12-06
16711,United Kingdom,domestic,1,214.2,2010-12-17
17126,United Kingdom,domestic,2,212.6,2010-12-12
14618,United Kingdom,domestic,2,211.8,2011-01-06
16402,United Kingdom,domestic,1,211.8,2010-12-05
14449,United Kingdom,domestic,1,210.24,2010-12-02
15953,United Kingdom,domestic,1,209.84,2010-12-05
15660,United Kingdom,domestic,1,209.3,2010-12-09
15062,United Kingdom,domestic,1,209.08,2010-12-15
17855,United Kingdom,domestic,1,208.97,2010-12-02
16752,United Kingdom,domestic,1,207.5,2010-12-02
17007,United Kingdom,domestic,3,207.12,2010-12-21
18156,United Kingdom,domestic,1,206.23,2010-12-05
13065,United Kingdom,domestic,1,205.86,2010-12-01
15021,United Kingdom,domestic,3,205.64,2010-12-08
13748,United Kingdom,domestic,1,204.0,2010-12-01
14608,United Kingdom,domestic,1,204.0,2010-12-12
12868,United Kingdom,domestic,1,203.3,2010-12-01
14732,United Kingdom,domestic,1,203.1,2011-01-04
15723,United Kingdom,domestic,1,203.1,2010-12-10
12989,United Kingdom,domestic,1,202.5,2010-12-10
14553,United Kingdom,domestic,1,201.94,2011-01-04
13000,United Kingdom,domestic,1,201.75,2010-12-10
15347,United Kingdom,domestic,1,201.6,2010-12-08
13295,United Kingdom,domestic,2,201.2,2010-12-15
12915,United Kingdom,domestic,1,199.65,2010-12-02
18075,United Kingdom,domestic,2,198.95,2010-12-16
16916,United Kingdom,domestic,1,198.08,2010-12-02
13649,United Kingdom,domestic,1,197.8,2010-12-08
12708,Germany,export,1,196.44,2010-12-06
13491,United Kingdom,domestic,2,196.4,2010-12-15
12577,France,export,1,195.89,2010-12-15
17555,United Kingdom,domestic,1,195.45,2011-01-09
15605,United Kingdom,domestic,1,194.85,2010-12-01
16458,United Kingdom,domestic,1,193.9,2010-12-14
17343,United Kingdom,domestic,1,193.64,2010-12-19
13138,United Kingdom,domestic,1,193.23,2010-12-02
14159,United Kingdom,domestic,1,193.22,2010-12-12
13487,United Kingdom,domestic,1,193.15,2010-12-21
12791,Netherlands,export,1,192.6,2010-12-01
15012,United Kingdom,domestic,1,191.06,2010-12-01
15827,United Kingdom,domestic,2,190.93,2010-12-02
16885,United Kingdom,domestic,1,190.65,2010-12-17
13033,United Kingdom,domestic,1,190.55,2010-12-17
13890,United Kingdom,domestic,1,190.35,2010-12-16
17999,United Kingdom,domestic,1,190.34,2010-12-08
15646,United Kingdom,domestic,1,189.8,2010-12-02
14236,United Kingdom,domestic,1,189.3,2010-12-02
15246,United Kingdom,domestic,1,186.0,2010-12-16
15028,United Kingdom,domestic,1,185.97,2010-12-06
13092,United Kingdom,domestic,1,185.45,2010-12-15
15059,United Kingdom,domestic,1,182.78,2011-01-09
14082,United Kingdom,domestic,1,182.25,2010-12-10
16907,United Kingdom,domestic,1,182.02,2010-12-09
18119,United Kingdom,domestic,1,181.12,2010-12-07
15945,United Kingdom,domestic,1,181.0,2010-12-09
14766,United Kingdom,domestic,3,180.4,2010-12-09
12691,France,export,1,180.0,2010-12-17
15454,United Kingdom,domestic,1,179.1,2010-12-12
17470,United Kingdom,domestic,1,178.4,2010-12-07
16086,United Kingdom,domestic,1,177.26,2010-12-07
15780,United Kingdom,domestic,1,177.15,2010-12-17
15107,United Kingdom,domestic,3,177.05,2010-12-15
12931,United Kingdom,domestic,2,177.0,2010-12-17
17696,United Kingdom,domestic,3,175.6,2011-01-06
17097,Spain,export,1,174.72,2010-12-09
14355,United Kingdom,domestic,1,174.4,2010-12-09
14479,United Kingdom,domestic,1,174.4,2010-12-09
16565,United Kingdom,domestic,1,173.7,2010-12-10
12441,France,export,1,173.55,2010-12-08
15164,United Kingdom,domestic,1,173.39,2011-01-04
17760,United Kingdom,domestic,1,172.54,2010-12-01
13922,United Kingdom,domestic,1,172.25,2010-12-23
16950,United Kingdom,domestic,1,172.0,2010-12-07
15713,United Kingdom,domestic,2,171.15,2010-12-14
17214,United Kingdom,domestic,1,171.05,2010-12-15
16367,United Kingdom,domestic,1,170.91,2010-12-12
16203,United Kingdom,domestic,1,170.7,2010-12-02
16899,United Kingdom,domestic,1,170.55,2010-12-14
12726,France,export,1,170.28,2010-12-17
18062,United Kingdom,domestic,1,169.8,2011-01-06
18004,United Kingdom,domestic,1,169.47,2010-12-12
18269,United Kingdom,domestic,2,168.6,2010-12-16
14684,United Kingdom,domestic,1,168.36,2010-12-12
16282,United Kingdom,domestic,1,168.3,2011-01-04
12551,Spain,export,1,168.0,2010-12-17
16221,United Kingdom,domestic,1,166.74,2010-12-07
14498,United Kingdom,domestic,1,166.22,2010-12-13
14215,United Kingdom,domestic,1,166.0,2010-12-06
13173,United Kingdom,domestic,1,165.94,2010-12-07
13034,United Kingdom,domestic,1,165.86,2010-12-05
17454,United Kingdom,domestic,1,165.85,2010-12-15
15288,United Kingdom,domestic,1,165.65,2010-12-09
16634,United Kingdom,domestic,1,164.8,2010-12-02
13579,United Kingdom,domestic,1,164.7,2010-12-05
16863,United Kingdom,domestic,2,164.25,2010-12-14
16983,United Kingdom,domestic,1,163.49,2010-12-05
14987,United Kingdom,domestic,1,163.2,2010-12-09
13656,United Kingdom,domestic,1,162.7,2011-01-06
14237,United Kingdom,domestic,1,161.0,2010-12-01
17025,United Kingdom,domestic,2,160.97,2010-12-01
14176,United Kingdom,domestic,2,159.55,2010-12-14
13140,United Kingdom,domestic,1,159.51,2010-12-08
15160,United Kingdom,domestic,1,158.16,2010-12-17
16081,United Kingdom,domestic,1,157.6,2010-12-08
13021,United Kingdom,domestic,2,157.35,2010-12-16
17128,United Kingdom,domestic,1,157.09,2011-01-09
17965,United Kingdom,domestic,2,156.8,2010-12-09
15894,United Kingdom,domestic,1,156.74,2010-12-05
18016,United Kingdom,domestic,1,156.65,2010-12-10
15965,United Kingdom,domestic,1,156.19,2010-12-07
17181,United Kingdom,domestic,1,155.52,2010-12-01
14813,United Kingdom,domestic,2,155.43,2010-12-05
12738,Germany,export,1,155.35,2010-12-02
15881,United Kingdom,domestic,3,155.25,2010-12-13
12826,United Kingdom,domestic,1,155.0,2010-12-09
13984,United Kingdom,domestic,1,154.8,2010-12-08
13497,United Kingdom,domestic,2,153.5,2010-12-06
15602,United Kingdom,domestic,4,152.55,2010-12-21
16442,United Kingdom,domestic,1,151.66,2010-12-14
17076,United Kingdom,domestic,1,151.5,2010-12-10
12877,United Kingdom,domestic,1,150.06,2010-12-16
16473,United Kingdom,domestic,1,149.41,2011-01-07
16385,United Kingdom,domestic,1,148.23,2010-12-08
14309,United Kingdom,domestic,1,147.75,2010-12-16
16233,United Kingdom,domestic,3,147.4,2010-12-16
15503,United Kingdom,domestic,1,147.09,2010-12-12
16893,United Kingdom,domestic,1,145.93,2010-12-08
17524,United Kingdom,domestic,1,145.0,2010-12-13
17227,United Kingdom,domestic,1,142.25,2010-12-06
17114,United Kingdom,domestic,1,142.24,2011-01-09
15079,United Kingdom,domestic,1,141.95,2010-12-09
14871,United Kingdom,domestic,1,140.4,2010-12-14
15732,United Kingdom,domestic,1,138.1,2010-12-02
14078,United Kingdom,domestic,1,136.24,2010-12-01
13305,United Kingdom,domestic,1,136.2,2010-12-02
17800,United Kingdom,domestic,1,136.05,2011-01-09
14889,United Kingdom,domestic,1,135.9,2011-01-07
16665,United Kingdom,domestic,1,135.4,2010-12-12
15545,United Kingdom,domestic,1,135.33,2010-12-03
15562,United Kingdom,domestic,1,134.55,2010-12-23
17288,United Kingdom,domestic,1,133.56,2010-12-16
14404,United Kingdom,domestic,1,133.48,2010-12-05
16271,United Kingdom,domestic,1,133.22,2010-12-16
16411,United Kingdom,domestic,1,131.5,2010-12-05
17420,United Kingdom,domestic,1,130.85,2010-12-01
16679,United Kingdom,domestic,1,129.75,2010-12-08
16726,United Kingdom,domestic,1,129.57,2010-12-13
12808,Portugal,export,1,129.4,2010-12-06
13817,Germany,export,1,128.7,2010-12-23
17954,United Kingdom,domestic,4,128.68,2010-12-07
16883,United Kingdom,domestic,1,128.03,2010-12-03
16996,United Kingdom,domestic,4,127.54,2010-12-21
14491,United Kingdom,domestic,1,127.2,2010-12-02
15923,United Kingdom,domestic,1,127.08,2010-12-02
17324,United Kingdom,domestic,1,127.05,2010-12-08
15038,United Kingdom,domestic,1,126.43,2010-12-05
17236,United Kingdom,domestic,1,126.28,2010-12-12
16600,United Kingdom,domestic,1,125.86,2011-01-05
17969,United Kingdom,domestic,1,125.2,2010-12-13
14487,United Kingdom,domestic,2,125.1,2010-12-06
14985,United Kingdom,domestic,1,124.51,2010-12-16
16140,United Kingdom,domestic,1,124.14,2010-12-03
14419,United Kingdom,domestic,1,124.1,2010-12-10
16658,United Kingdom,domestic,1,123.24,2010-12-06
15304,United Kingdom,domestic,1,123.15,2010-12-06
17967,United Kingdom,domestic,1,123.07,2010-12-03
14413,United Kingdom,domestic,1,122.7,2010-12-12
15139,United Kingdom,domestic,1,122.1,2011-01-07
16596,United Kingdom,domestic,1,120.65,2010-12-08
16549,United Kingdom,domestic,1,119.49,2011-01-09
15266,United Kingdom,domestic,1,119.3,2011-01-05
13569,United Kingdom,domestic,1,118.32,2010-12-07
16059,United Kingdom,domestic,1,118.25,2010-12-07
16928,United Kingdom,domestic,1,116.25,2010-12-01
16898,United Kingdom,domestic,2,116.08,2010-12-09
15661,United Kingdom,domestic,1,116.0,2011-01-05
15350,United Kingdom,domestic,1,115.65,2010-12-01
12651,France,export,1,114.0,2011-01-09
15987,United Kingdom,domestic,1,113.48,2010-12-06
13807,United Kingdom,domestic,1,112.6,2010-12-07
17430,United Kingdom,domestic,1,112.6,2010-12-09
14037,United Kingdom,domestic,1,111.8,2010-12-10
15018,United Kingdom,domestic,1,111.25,2010-12-07
15081,United Kingdom,domestic,1,111.15,2010-12-07
17917,United Kingdom,domestic,1,110.91,2010-12-12
13211,United Kingdom,domestic,1,110.7,2010-12-13
12734,France,export,1,110.4,2010-12-22
14396,United Kingdom,domestic,1,110.35,2010-12-03
13565,United Kingdom,domestic,1,110.18,2011-01-09
16010,United Kingdom,domestic,1,110.1,2010-12-12
17375,United Kingdom,domestic,1,109.71,2010-12-13
14462,United Kingdom,domestic,1,109.3,2011-01-04
18283,United Kingdom,domestic,1,108.45,2011-01-06
13787,United Kingdom,domestic,1,106.4,2010-12-10
15070,United Kingdom,domestic,1,106.2,2010-12-02
16122,United Kingdom,domestic,1,105.72,2010-12-08
15366,United Kingdom,domestic,1,105.54,2010-12-16
15607,United Kingdom,domestic,1,104.76,2011-01-07
15611,United Kingdom,domestic,1,104.25,2011-01-09
16519,United Kingdom,domestic,1,103.7,2010-12-09
14866,United Kingdom,domestic,1,103.68,2010-12-08
15689,United Kingdom,domestic,1,103.5,2010-12-13
18011,United Kingdom,domestic,1,102.79,2010-12-01
15860,United Kingdom,domestic,1,102.66,2010-12-06
14448,United Kingdom,domestic,1,102.35,2010-12-10
15101,United Kingdom,domestic,2,102.28,2011-01-06
13948,United Kingdom,domestic,1,102.0,2010-12-14
17720,United Kingdom,domestic,1,102.0,2010-12-07
13104,United Kingdom,domestic,1,101.76,2010-12-20
17643,United Kingdom,domestic,1,101.55,2010-12-01
15512,United Kingdom,domestic,1,101.2,2010-12-15
17802,United Kingdom,domestic,1,100.2,2010-12-02
15048,United Kingdom,domestic,1,98.7,2010-12-06
14898,United Kingdom,domestic,3,98.5,2010-12-15
13880,United Kingdom,domestic,1,97.8,2010-12-07
17371,United Kingdom,domestic,1,97.63,2010-12-13
14761,United Kingdom,domestic,1,97.5,2011-01-09
17848,United Kingdom,domestic,1,97.3,2010-12-16
15759,United Kingdom,domestic,1,97.24,2010-12-16
16552,United Kingdom,domestic,1,95.29,2010-12-01
13230,United Kingdom,domestic,1,93.45,2010-12-09
16531,United Kingdom,domestic,1,92.82,2010-12-14
13238,United Kingdom,domestic,1,91.15,2010-12-14
12686,France,export,1,89.14,2010-12-03
15180,United Kingdom,domestic,1,87.5,2010-12-07
17707,United Kingdom,domestic,1,83.7,2011-01-07
16835,United Kingdom,domestic,1,81.75,2010-12-01
17752,United Kingdom,domestic,1,80.64,2010-12-15
13747,United Kingdom,domestic,1,79.6,2010-12-01
14373,United Kingdom,domestic,1,76.55,2010-12-16
18113,United Kingdom,domestic,1,76.32,2010-12-06
16816,United Kingdom,domestic,1,75.78,2010-12-16
18050,United Kingdom,domestic,1,74.4,2010-12-15
18044,United Kingdom,domestic,1,74.25,2010-12-14
16112,United Kingdom,domestic,1,72.0,2011-01-05
16638,United Kingdom,domestic,2,70.8,2010-12-15
17572,United Kingdom,domestic,1,70.8,2010-12-01
17460,United Kingdom,domestic,2,70.3,2010-12-02
14201,United Kingdom,domestic,1,67.24,2010-12-15
15208,United Kingdom,domestic,1,65.4,2010-12-21
14437,United Kingdom,domestic,1,63.0,2010-12-09
12494,France,export,5,62.55,2011-01-05
17090,United Kingdom,domestic,1,61.2,2010-12-20
17339,United Kingdom,domestic,1,60.0,2010-12-09
15899,United Kingdom,domestic,1,56.25,2010-12-06
13011,United Kingdom,domestic,1,50.55,2010-12-02
14821,United Kingdom,domestic,1,48.8,2010-12-08
17580,United Kingdom,domestic,1,46.85,2010-12-16
14589,United Kingdom,domestic,1,39.75,2010-12-03
12855,United Kingdom,domestic,1,38.1,2010-12-02
14865,United Kingdom,domestic,1,37.2,2010-12-02
13368,United Kingdom,domestic,1,35.4,2011-01-06
14576,United Kingdom,domestic,1,35.4,2010-12-02
17026,United Kingdom,domestic,1,33.15,2010-12-05
18037,United Kingdom,domestic,1,31.3,2010-12-12
18225,United Kingdom,domestic,2,30.0,2010-12-09
17888,United Kingdom,domestic,1,29.43,2010-12-17
17816,United Kingdom,domestic,1,16.21,2010-12-09
15823,United Kingdom,domestic,2,15.0,2011-01-06
12476,Germany,export,3,12.45,2010-12-13
12434,Australia,export,1,0.0,2010-12-14
12474,Germany,export,1,0.0,2010-12-06
12503,Spain,export,1,0.0,2011-01-06
12578,Italy,export,1,0.0,2011-01-05
12586,Italy,export,1,0.0,2010-12-06
12605,Germany,export,1,0.0,2010-12-09
12649,Germany,export,1,0.0,2010-12-09
12666,Israel,export,1,0.0,2010-12-15
12865,Austria,export,1,0.0,2010-12-15
12870,United Kingdom,domestic,1,0.0,2010-12-08
13008,United Kingdom,domestic,1,0.0,2010-12-14
13115,United Kingdom,domestic,2,0.0,2011-01-06
13136,United Kingdom,domestic,1,0.0,2010-12-09
13266,United Kingdom,domestic,1,0.0,2010-12-15
13481,United Kingdom,domestic,1,0.0,2010-12-06
13802,United Kingdom,domestic,1,0.0,2010-12-14
13829,United Kingdom,domestic,1,0.0,2010-12-15
13958,United Kingdom,domestic,1,0.0,2010-12-02
14119,United Kingdom,domestic,1,0.0,2010-12-20
14205,United Kingdom,domestic,1,0.0,2010-12-09
14206,United Kingdom,domestic,1,0.0,2010-12-14
14213,United Kingdom,domestic,1,0.0,2010-12-03
14264,United Kingdom,domestic,1,0.0,2010-12-02
14426,United Kingdom,domestic,3,0.0,2011-01-06
14441,United Kingdom,domestic,1,0.0,2010-12-09
14679,United Kingdom,domestic,1,0.0,2010-12-03
14777,United Kingdom,domestic,1,0.0,2010-12-16
14850,United Kingdom,domestic,1,0.0,2010-12-07
14944,United Kingdom,domestic,1,0.0,2010-12-22
15179,United Kingdom,domestic,1,0.0,2010-12-10
15181,United Kingdom,domestic,2,0.0,2010-12-14
15240,United Kingdom,domestic,1,0.0,2010-12-03
15329,United Kingdom,domestic,1,0.0,2010-12-09
15468,United Kingdom,domestic,1,0.0,2010-12-14
15535,United Kingdom,domestic,2,0.0,2010-12-15
15664,United Kingdom,domestic,1,0.0,2010-12-15
15834,United Kingdom,domestic,1,0.0,2010-12-02
16042,United Kingdom,domestic,2,0.0,2010-12-09
16094,United Kingdom,domestic,1,0.0,2011-01-06
16138,United Kingdom,domestic,1,0.0,2010-12-06
16252,United Kingdom,domestic,1,0.0,2010-12-08
16262,United Kingdom,domestic,1,0.0,2010-12-14
16350,United Kingdom,domestic,1,0.0,2010-12-09
16424,United Kingdom,domestic,1,0.0,2011-01-06
16570,United Kingdom,domestic,1,0.0,2010-12-14
16579,United Kingdom,domestic,1,0.0,2010-12-09
16810,United Kingdom,domestic,1,0.0,2010-12-14
16861,United Kingdom,domestic,1,0.0,2010-12-06
16995,United Kingdom,domestic,1,0.0,2010-12-02
17044,United Kingdom,domestic,1,0.0,2010-12-15
17204,United Kingdom,domestic,1,0.0,2010-12-20
17239,United Kingdom,domestic,1,0.0,2010-12-22
17307,United Kingdom,domestic,1,0.0,2010-12-09
17389,United Kingdom,domestic,1,0.0,2011-01-04
17411,United Kingdom,domestic,1,0.0,2010-12-09
17442,United Kingdom,domestic,1,0.0,2010-12-09
17547,United Kingdom,domestic,1,0.0,2010-12-02
17548,United Kingdom,domestic,1,0.0,2010-12-01
17633,United Kingdom,domestic,1,0.0,2010-12-15
17700,United Kingdom,domestic,1,0.0,2010-12-09
17702,United Kingdom,domestic,1,0.0,2010-12-09
17820,United Kingdom,domestic,1,0.0,2010-12-15
18141,United Kingdom,domestic,1,0.0,2010-12-14
18193,United Kingdom,domestic,1,0.0,2010-12-08
18230,United Kingdom,domestic,2,0.0,2010-12-15
18256,United Kingdom,domestic,1,0.0,2010-12-20
