customer_id,country,segment,first_invoice_date
12347,Iceland,export,2010-12-07
12348,Finland,export,2010-12-16
12370,Cyprus,export,2010-12-14
12377,Switzerland,export,2010-12-20
12383,Belgium,export,2010-12-22
12386,Australia,export,2010-12-08
12395,Belgium,export,2010-12-03
12413,France,export,2011-01-06
12415,Australia,export,2011-01-06
12417,Belgium,export,2010-12-17
12423,Belgium,export,2010-12-21
12427,Germany,export,2010-12-03
12429,Denmark,export,2010-12-09
12431,Australia,export,2010-12-01
12433,Norway,export,2010-12-01
12434,Australia,export,2010-12-14
12441,France,export,2010-12-08
12471,Germany,export,2010-12-02
12472,Germany,export,2010-12-01
12474,Germany,export,2010-12-06
12476,Germany,export,2010-12-13
12480,Germany,export,2011-01-07
12481,Germany,export,2010-12-09
12483,Sweden,export,2011-01-04
12484,Spain,export,2011-01-07
12489,France,export,2011-01-07
12494,France,export,2010-12-09
12501,Germany,export,2011-01-07
12503,Spain,export,2011-01-06
12515,Italy,export,2010-12-21
12530,Germany,export,2011-01-07
12540,Spain,export,2010-12-13
12551,Spain,export,2010-12-17
12557,Spain,export,2010-12-03
12567,France,export,2010-12-05
12577,France,export,2010-12-15
12578,Italy,export,2011-01-05
12583,France,export,2010-12-01
12585,Germany,export,2010-12-23
12586,Italy,export,2010-12-06
12600,Germany,export,2010-12-03
12605,Germany,export,2010-12-09
12621,Germany,export,2010-12-09
12647,Germany,export,2010-12-05
12649,Germany,export,2010-12-09
12651,France,export,2011-01-09
12662,Germany,export,2010-12-01
12666,Israel,export,2010-12-15
12668,Germany,export,2010-12-19
12678,France,export,2010-12-21
12681,France,export,2010-12-07
12682,France,export,2010-12-03
12683,France,export,2010-12-09
12686,France,export,2010-12-03
12691,France,export,2010-12-17
12705,Germany,export,2010-12-17
12708,Germany,export,2010-12-06
12709,Germany,export,2010-12-08
12712,Germany,export,2010-12-03
12720,Germany,export,2010-12-05
12721,France,export,2010-12-09
12725,Italy,export,2010-12-03
12726,France,export,2010-12-17
12731,France,export,2010-12-10
12734,France,export,2010-12-22
12735,France,export,2011-01-06
12738,Germany,export,2010-12-02
12747,United Kingdom,domestic,2010-12-05
12748,United Kingdom,domestic,2010-12-01
12753,Japan,export,2010-12-12
12755,Japan,export,2010-12-09
12763,Japan,export,2010-12-05
12766,Portugal,export,2010-12-08
12779,Poland,export,2010-12-03
12782,Portugal,export,2010-12-17
12785,Portugal,export,2010-12-10
12791,Netherlands,export,2010-12-01
12793,Portugal,export,2010-12-03
12797,Portugal,export,2010-12-09
12808,Portugal,export,2010-12-06
12826,United Kingdom,domestic,2010-12-09
12829,United Kingdom,domestic,2010-12-14
12838,United Kingdom,domestic,2010-12-01
12839,United Kingdom,domestic,2010-12-07
12841,United Kingdom,domestic,2010-12-03
12855,United Kingdom,domestic,2010-12-02
12865,Austria,export,2010-12-15
12867,United Kingdom,domestic,2010-12-14
12868,United Kingdom,domestic,2010-12-01
12870,United Kingdom,domestic,2010-12-08
12872,United Kingdom,domestic,2010-12-09
12875,United Kingdom,domestic,2010-12-12
12877,United Kingdom,domestic,2010-12-16
12913,United Kingdom,domestic,2010-12-06
12915,United Kingdom,domestic,2010-12-02
12921,United Kingdom,domestic,2010-12-01
12928,United Kingdom,domestic,2010-12-15
12931,United Kingdom,domestic,2010-12-17
12939,United Kingdom,domestic,2011-01-09
12942,United Kingdom,domestic,2010-12-09
12944,United Kingdom,domestic,2010-12-20
12947,United Kingdom,domestic,2010-12-01
12957,United Kingdom,domestic,2011-01-04
12963,United Kingdom,domestic,2010-12-09
12967,United Kingdom,domestic,2010-12-03
12971,United Kingdom,domestic,2010-12-02
12980,United Kingdom,domestic,2010-12-16
12989,United Kingdom,domestic,2010-12-10
13000,United Kingdom,domestic,2010-12-10
13004,United Kingdom,domestic,2010-12-17
13008,United Kingdom,domestic,2010-12-14
13011,United Kingdom,domestic,2010-12-02
13013,United Kingdom,domestic,2010-12-03
13021,United Kingdom,domestic,2010-12-09
13027,United Kingdom,domestic,2010-12-20
13029,United Kingdom,domestic,2010-12-21
13030,United Kingdom,domestic,2010-12-06
13033,United Kingdom,domestic,2010-12-17
13034,United Kingdom,domestic,2010-12-05
13047,United Kingdom,domestic,2010-12-01
13050,United Kingdom,domestic,2010-12-08
13065,United Kingdom,domestic,2010-12-01
13069,United Kingdom,domestic,2010-12-05
13077,United Kingdom,domestic,2010-12-08
13078,United Kingdom,domestic,2010-12-08
13081,United Kingdom,domestic,2010-12-03
13082,United Kingdom,domestic,2011-01-05
13089,United Kingdom,domestic,2010-12-05
13090,United Kingdom,domestic,2010-12-02
13092,United Kingdom,domestic,2010-12-15
13093,United Kingdom,domestic,2010-12-01
13094,United Kingdom,domestic,2010-12-06
13097,United Kingdom,domestic,2010-12-14
13102,United Kingdom,domestic,2010-12-09
13104,United Kingdom,domestic,2010-12-20
13108,United Kingdom,domestic,2010-12-02
13113,United Kingdom,domestic,2010-12-08
13115,United Kingdom,domestic,2010-12-08
13117,United Kingdom,domestic,2010-12-02
13124,United Kingdom,domestic,2010-12-15
13126,United Kingdom,domestic,2010-12-08
13136,United Kingdom,domestic,2010-12-09
13138,United Kingdom,domestic,2010-12-02
13140,United Kingdom,domestic,2010-12-08
13145,United Kingdom,domestic,2010-12-02
13148,United Kingdom,domestic,2010-12-10
13155,United Kingdom,domestic,2010-12-06
13162,United Kingdom,domestic,2011-01-09
13165,United Kingdom,domestic,2010-12-23
13173,United Kingdom,domestic,2010-12-07
13174,United Kingdom,domestic,2010-12-05
13178,United Kingdom,domestic,2010-12-14
13183,United Kingdom,domestic,2011-01-09
13187,United Kingdom,domestic,2011-01-06
13198,United Kingdom,domestic,2010-12-13
13199,United Kingdom,domestic,2010-12-08
13209,United Kingdom,domestic,2010-12-13
13211,United Kingdom,domestic,2010-12-13
13221,United Kingdom,domestic,2010-12-15
13225,United Kingdom,domestic,2010-12-13
13230,United Kingdom,domestic,2010-12-09
13233,United Kingdom,domestic,2011-01-07
13238,United Kingdom,domestic,2010-12-14
13240,United Kingdom,domestic,2010-12-09
13253,United Kingdom,domestic,2011-01-04
13255,United Kingdom,domestic,2010-12-01
13266,United Kingdom,domestic,2010-12-15
13267,United Kingdom,domestic,2010-12-08
13269,United Kingdom,domestic,2010-12-05
13270,United Kingdom,domestic,2010-12-08
13280,United Kingdom,domestic,2011-01-06
13295,United Kingdom,domestic,2010-12-02
13304,United Kingdom,domestic,2010-12-23
13305,United Kingdom,domestic,2010-12-02
13313,United Kingdom,domestic,2011-01-04
13317,United Kingdom,domestic,2010-12-16
13319,United Kingdom,domestic,2010-12-07
13324,United Kingdom,domestic,2010-12-14
13327,United Kingdom,domestic,2010-12-09
13329,United Kingdom,domestic,2010-12-08
13368,United Kingdom,domestic,2011-01-06
13369,United Kingdom,domestic,2010-12-09
13370,United Kingdom,domestic,2010-12-03
13397,United Kingdom,domestic,2011-01-04
13402,United Kingdom,domestic,2010-12-02
13408,United Kingdom,domestic,2010-12-01
13418,United Kingdom,domestic,2010-12-02
13426,United Kingdom,domestic,2010-12-15
13448,United Kingdom,domestic,2010-12-01
13455,United Kingdom,domestic,2010-12-08
13458,United Kingdom,domestic,2010-12-15
13468,United Kingdom,domestic,2010-12-01
13481,United Kingdom,domestic,2010-12-06
13487,United Kingdom,domestic,2010-12-21
13488,United Kingdom,domestic,2010-12-07
13491,United Kingdom,domestic,2010-12-02
13495,United Kingdom,domestic,2010-12-06
13496,United Kingdom,domestic,2010-12-15
13497,United Kingdom,domestic,2010-12-06
13506,United Kingdom,domestic,2010-12-05
13520,Switzerland,export,2010-12-03
13523,United Kingdom,domestic,2010-12-08
13531,United Kingdom,domestic,2010-12-08
13534,United Kingdom,domestic,2010-12-16
13564,United Kingdom,domestic,2010-12-06
13565,United Kingdom,domestic,2011-01-09
13569,United Kingdom,domestic,2010-12-07
13576,United Kingdom,domestic,2010-12-01
13579,United Kingdom,domestic,2010-12-05
13593,United Kingdom,domestic,2011-01-07
13599,United Kingdom,domestic,2010-12-08
13611,United Kingdom,domestic,2010-12-15
13627,United Kingdom,domestic,2010-12-17
13629,United Kingdom,domestic,2011-01-05
13649,United Kingdom,domestic,2010-12-08
13652,United Kingdom,domestic,2010-12-06
13656,United Kingdom,domestic,2011-01-06
13668,United Kingdom,domestic,2010-12-12
13680,United Kingdom,domestic,2011-01-04
13694,United Kingdom,domestic,2010-12-01
13705,United Kingdom,domestic,2010-12-01
13715,United Kingdom,domestic,2010-12-02
13747,United Kingdom,domestic,2010-12-01
13748,United Kingdom,domestic,2010-12-01
13750,United Kingdom,domestic,2011-01-07
13756,United Kingdom,domestic,2010-12-07
13758,United Kingdom,domestic,2010-12-01
13764,United Kingdom,domestic,2011-01-06
13767,United Kingdom,domestic,2010-12-01
13769,United Kingdom,domestic,2010-12-07
13777,United Kingdom,domestic,2010-12-01
13786,United Kingdom,domestic,2010-12-07
13787,United Kingdom,domestic,2010-12-10
13798,United Kingdom,domestic,2010-12-02
13802,United Kingdom,domestic,2010-12-14
13807,United Kingdom,domestic,2010-12-07
13817,Germany,export,2010-12-23
13829,United Kingdom,domestic,2010-12-15
13831,United Kingdom,domestic,2010-12-05
13838,United Kingdom,domestic,2010-12-05
13842,United Kingdom,domestic,2010-12-08
13846,United Kingdom,domestic,2010-12-14
13848,United Kingdom,domestic,2010-12-08
13854,United Kingdom,domestic,2010-12-09
13869,United Kingdom,domestic,2010-12-17
13874,United Kingdom,domestic,2010-12-16
13880,United Kingdom,domestic,2010-12-07
13890,United Kingdom,domestic,2010-12-16
13922,United Kingdom,domestic,2010-12-23
13941,United Kingdom,domestic,2010-12-02
13948,United Kingdom,domestic,2010-12-14
13953,United Kingdom,domestic,2010-12-22
13958,United Kingdom,domestic,2010-12-02
13959,United Kingdom,domestic,2010-12-12
13963,United Kingdom,domestic,2010-12-07
13969,United Kingdom,domestic,2010-12-09
13982,United Kingdom,domestic,2010-12-09
13983,United Kingdom,domestic,2010-12-08
13984,United Kingdom,domestic,2010-12-08
13999,United Kingdom,domestic,2010-12-13
14001,United Kingdom,domestic,2010-12-01
14016,EIRE,export,2010-12-17
14030,United Kingdom,domestic,2010-12-08
14031,United Kingdom,domestic,2010-12-02
14032,United Kingdom,domestic,2010-12-08
14037,United Kingdom,domestic,2010-12-10
14045,United Kingdom,domestic,2010-12-01
14047,United Kingdom,domestic,2010-12-02
14051,United Kingdom,domestic,2010-12-08
14057,United Kingdom,domestic,2010-12-14
14060,United Kingdom,domestic,2010-12-02
14062,United Kingdom,domestic,2010-12-10
14078,United Kingdom,domestic,2010-12-01
14081,United Kingdom,domestic,2010-12-05
14082,United Kingdom,domestic,2010-12-10
14083,United Kingdom,domestic,2010-12-03
14085,United Kingdom,domestic,2010-12-06
14092,United Kingdom,domestic,2010-12-02
14099,United Kingdom,domestic,2010-12-20
14107,United Kingdom,domestic,2010-12-10
14113,United Kingdom,domestic,2010-12-20
14119,United Kingdom,domestic,2010-12-20
14135,United Kingdom,domestic,2010-12-02
14142,United Kingdom,domestic,2010-12-01
14146,United Kingdom,domestic,2010-12-17
14150,United Kingdom,domestic,2010-12-15
14156,EIRE,export,2010-12-02
14159,United Kingdom,domestic,2010-12-12
14161,United Kingdom,domestic,2010-12-05
14176,United Kingdom,domestic,2010-12-07
14180,United Kingdom,domestic,2010-12-02
14189,United Kingdom,domestic,2010-12-06
14201,United Kingdom,domestic,2010-12-15
14205,United Kingdom,domestic,2010-12-09
14206,United Kingdom,domestic,2010-12-14
14210,United Kingdom,domestic,2010-12-03
14213,United Kingdom,domestic,2010-12-03
14215,United Kingdom,domestic,2010-12-06
14217,United Kingdom,domestic,2010-12-08
14220,United Kingdom,domestic,2010-12-16
14221,United Kingdom,domestic,2011-01-04
14236,United Kingdom,domestic,2010-12-02
14237,United Kingdom,domestic,2010-12-01
14243,United Kingdom,domestic,2010-12-09
14256,United Kingdom,domestic,2010-12-10
14258,United Kingdom,domestic,2011-01-06
14264,United Kingdom,domestic,2010-12-02
14282,United Kingdom,domestic,2010-12-07
14290,United Kingdom,domestic,2010-12-13
14293,United Kingdom,domestic,2010-12-06
14298,United Kingdom,domestic,2010-12-14
14299,United Kingdom,domestic,2010-12-08
14307,United Kingdom,domestic,2010-12-01
14309,United Kingdom,domestic,2010-12-16
14312,United Kingdom,domestic,2011-01-06
14334,United Kingdom,domestic,2010-12-16
14344,United Kingdom,domestic,2010-12-06
14355,United Kingdom,domestic,2010-12-09
14373,United Kingdom,domestic,2010-12-16
14388,United Kingdom,domestic,2010-12-02
14390,United Kingdom,domestic,2010-12-02
14395,United Kingdom,domestic,2010-12-02
14396,United Kingdom,domestic,2010-12-03
14401,United Kingdom,domestic,2010-12-15
14404,United Kingdom,domestic,2010-12-05
14409,United Kingdom,domestic,2010-12-06
14413,United Kingdom,domestic,2010-12-12
14414,United Kingdom,domestic,2010-12-16
14415,United Kingdom,domestic,2010-12-14
14419,United Kingdom,domestic,2010-12-10
14426,United Kingdom,domestic,2010-12-15
14437,United Kingdom,domestic,2010-12-09
14440,United Kingdom,domestic,2010-12-09
14441,United Kingdom,domestic,2010-12-09
14443,United Kingdom,domestic,2010-12-02
14448,United Kingdom,domestic,2010-12-10
14449,United Kingdom,domestic,2010-12-02
14462,United Kingdom,domestic,2011-01-04
14466,United Kingdom,domestic,2010-12-02
14472,United Kingdom,domestic,2010-12-19
14479,United Kingdom,domestic,2010-12-09
14487,United Kingdom,domestic,2010-12-06
14491,United Kingdom,domestic,2010-12-02
14496,United Kingdom,domestic,2010-12-01
14498,United Kingdom,domestic,2010-12-13
14505,United Kingdom,domestic,2010-12-12
14506,United Kingdom,domestic,2010-12-05
14524,United Kingdom,domestic,2010-12-14
14525,United Kingdom,domestic,2010-12-13
14527,United Kingdom,domestic,2010-12-01
14532,United Kingdom,domestic,2010-12-22
14533,United Kingdom,domestic,2010-12-22
14543,United Kingdom,domestic,2010-12-10
14544,United Kingdom,domestic,2010-12-13
14553,United Kingdom,domestic,2011-01-04
14560,United Kingdom,domestic,2010-12-17
14565,United Kingdom,domestic,2010-12-13
14573,United Kingdom,domestic,2010-12-02
14576,United Kingdom,domestic,2010-12-02
14577,United Kingdom,domestic,2010-12-12
14589,United Kingdom,domestic,2010-12-03
14594,United Kingdom,domestic,2010-12-01
14606,United Kingdom,domestic,2010-12-01
14608,United Kingdom,domestic,2010-12-12
14618,United Kingdom,domestic,2010-12-08
14621,United Kingdom,domestic,2010-12-16
14625,United Kingdom,domestic,2010-12-02
14639,United Kingdom,domestic,2010-12-13
14643,United Kingdom,domestic,2010-12-16
14646,Netherlands,export,2010-12-20
14653,United Kingdom,domestic,2011-01-05
14667,United Kingdom,domestic,2010-12-06
14672,United Kingdom,domestic,2011-01-07
14673,United Kingdom,domestic,2010-12-07
14679,United Kingdom,domestic,2010-12-03
14680,United Kingdom,domestic,2010-12-03
14684,United Kingdom,domestic,2010-12-12
14688,United Kingdom,domestic,2010-12-01
14696,United Kingdom,domestic,2010-12-01
14702,United Kingdom,domestic,2010-12-09
14708,United Kingdom,domestic,2010-12-06
14709,United Kingdom,domestic,2010-12-16
14713,United Kingdom,domestic,2010-12-09
14723,United Kingdom,domestic,2010-12-03
14729,United Kingdom,domestic,2010-12-01
14732,United Kingdom,domestic,2011-01-04
14733,United Kingdom,domestic,2010-12-07
14735,United Kingdom,domestic,2010-12-16
14737,United Kingdom,domestic,2010-12-21
14739,United Kingdom,domestic,2010-12-07
14741,United Kingdom,domestic,2010-12-02
14744,United Kingdom,domestic,2010-12-08
14748,United Kingdom,domestic,2010-12-06
14755,United Kingdom,domestic,2011-01-09
14761,United Kingdom,domestic,2011-01-09
14766,United Kingdom,domestic,2010-12-02
14769,United Kingdom,domestic,2010-12-17
14775,United Kingdom,domestic,2010-12-02
14777,United Kingdom,domestic,2010-12-16
14796,United Kingdom,domestic,2010-12-08
14800,United Kingdom,domestic,2010-12-05
14810,United Kingdom,domestic,2010-12-05
14813,United Kingdom,domestic,2010-12-05
14821,United Kingdom,domestic,2010-12-08
14825,United Kingdom,domestic,2010-12-06
14828,United Kingdom,domestic,2011-01-07
14829,United Kingdom,domestic,2010-12-02
14841,United Kingdom,domestic,2010-12-16
14849,United Kingdom,domestic,2010-12-01
14850,United Kingdom,domestic,2010-12-07
14865,United Kingdom,domestic,2010-12-02
14866,United Kingdom,domestic,2010-12-08
14867,United Kingdom,domestic,2010-12-06
14871,United Kingdom,domestic,2010-12-14
14878,United Kingdom,domestic,2010-12-16
14889,United Kingdom,domestic,2011-01-07
14896,United Kingdom,domestic,2010-12-09
14898,United Kingdom,domestic,2010-12-03
14901,United Kingdom,domestic,2010-12-02
14907,United Kingdom,domestic,2010-12-07
14911,EIRE,export,2010-12-01
14913,United Kingdom,domestic,2010-12-15
14932,Channel Islands,export,2010-12-09
14944,United Kingdom,domestic,2010-12-22
14952,United Kingdom,domestic,2010-12-08
14961,United Kingdom,domestic,2010-12-14
14985,United Kingdom,domestic,2010-12-16
14987,United Kingdom,domestic,2010-12-09
15002,United Kingdom,domestic,2010-12-07
15005,United Kingdom,domestic,2010-12-08
15012,United Kingdom,domestic,2010-12-01
15018,United Kingdom,domestic,2010-12-07
15021,United Kingdom,domestic,2010-12-07
15023,United Kingdom,domestic,2010-12-05
15024,United Kingdom,domestic,2010-12-07
15028,United Kingdom,domestic,2010-12-06
15032,United Kingdom,domestic,2010-12-08
15034,United Kingdom,domestic,2010-12-21
15038,United Kingdom,domestic,2010-12-05
15039,United Kingdom,domestic,2010-12-06
15044,United Kingdom,domestic,2010-12-12
15046,United Kingdom,domestic,2011-01-05
15048,United Kingdom,domestic,2010-12-06
15059,United Kingdom,domestic,2011-01-09
15061,United Kingdom,domestic,2010-12-02
15062,United Kingdom,domestic,2010-12-15
15070,United Kingdom,domestic,2010-12-02
15078,United Kingdom,domestic,2010-12-06
15079,United Kingdom,domestic,2010-12-09
15081,United Kingdom,domestic,2010-12-07
15093,United Kingdom,domestic,2010-12-02
15100,United Kingdom,domestic,2010-12-01
15101,United Kingdom,domestic,2010-12-15
15107,United Kingdom,domestic,2010-12-02
15111,United Kingdom,domestic,2010-12-02
15139,United Kingdom,domestic,2011-01-07
15157,United Kingdom,domestic,2010-12-16
15159,United Kingdom,domestic,2010-12-13
15160,United Kingdom,domestic,2010-12-17
15164,United Kingdom,domestic,2011-01-04
15165,United Kingdom,domestic,2010-12-01
15179,United Kingdom,domestic,2010-12-10
15180,United Kingdom,domestic,2010-12-07
15181,United Kingdom,domestic,2010-12-09
15192,United Kingdom,domestic,2010-12-09
15194,United Kingdom,domestic,2010-12-06
15197,United Kingdom,domestic,2010-12-16
15204,United Kingdom,domestic,2010-12-17
15208,United Kingdom,domestic,2010-12-21
15211,United Kingdom,domestic,2010-12-09
15221,United Kingdom,domestic,2010-12-05
15224,United Kingdom,domestic,2010-12-12
15235,United Kingdom,domestic,2010-12-01
15240,United Kingdom,domestic,2010-12-03
15246,United Kingdom,domestic,2010-12-16
15260,United Kingdom,domestic,2010-12-02
15266,United Kingdom,domestic,2011-01-05
15271,United Kingdom,domestic,2010-12-09
15279,United Kingdom,domestic,2010-12-09
15288,United Kingdom,domestic,2010-12-09
15290,United Kingdom,domestic,2010-12-15
15291,United Kingdom,domestic,2010-12-01
15298,United Kingdom,domestic,2010-12-08
15299,United Kingdom,domestic,2010-12-02
15301,United Kingdom,domestic,2010-12-06
15304,United Kingdom,domestic,2010-12-06
15311,United Kingdom,domestic,2010-12-01
15312,United Kingdom,domestic,2010-12-20
15329,United Kingdom,domestic,2010-12-09
15332,Lithuania,export,2010-12-05
15347,United Kingdom,domestic,2010-12-08
15350,United Kingdom,domestic,2010-12-01
15351,United Kingdom,domestic,2010-12-05
15353,United Kingdom,domestic,2010-12-07
15356,United Kingdom,domestic,2010-12-06
15358,United Kingdom,domestic,2010-12-09
15361,United Kingdom,domestic,2010-12-13
15363,United Kingdom,domestic,2010-12-02
15366,United Kingdom,domestic,2010-12-16
15373,United Kingdom,domestic,2010-12-03
15379,United Kingdom,domestic,2010-12-16
15380,United Kingdom,domestic,2010-12-09
15384,United Kingdom,domestic,2010-12-02
15392,United Kingdom,domestic,2010-12-14
15394,United Kingdom,domestic,2010-12-16
15426,United Kingdom,domestic,2010-12-05
15454,United Kingdom,domestic,2010-12-12
15456,United Kingdom,domestic,2010-12-15
15460,United Kingdom,domestic,2010-12-20
15464,United Kingdom,domestic,2011-01-05
15465,United Kingdom,domestic,2010-12-05
15468,United Kingdom,domestic,2010-12-14
15482,United Kingdom,domestic,2010-12-16
15485,United Kingdom,domestic,2010-12-01
15498,United Kingdom,domestic,2010-12-07
15502,United Kingdom,domestic,2010-12-05
15503,United Kingdom,domestic,2010-12-12
15512,United Kingdom,domestic,2010-12-15
15513,United Kingdom,domestic,2010-12-01
15514,United Kingdom,domestic,2010-12-10
15525,United Kingdom,domestic,2010-12-01
15527,United Kingdom,domestic,2010-12-20
15529,United Kingdom,domestic,2010-12-08
15532,United Kingdom,domestic,2010-12-16
15535,United Kingdom,domestic,2010-12-09
15544,United Kingdom,domestic,2010-12-02
15545,United Kingdom,domestic,2010-12-03
15547,United Kingdom,domestic,2010-12-12
15555,United Kingdom,domestic,2010-12-05
15562,United Kingdom,domestic,2010-12-23
15563,United Kingdom,domestic,2010-12-16
15570,United Kingdom,domestic,2010-12-05
15574,United Kingdom,domestic,2010-12-02
15581,United Kingdom,domestic,2010-12-08
15587,United Kingdom,domestic,2010-12-23
15596,United Kingdom,domestic,2010-12-09
15601,United Kingdom,domestic,2010-12-02
15602,United Kingdom,domestic,2010-12-06
15605,United Kingdom,domestic,2010-12-01
15607,United Kingdom,domestic,2011-01-07
15611,United Kingdom,domestic,2011-01-09
15615,United Kingdom,domestic,2010-12-15
15620,United Kingdom,domestic,2010-12-16
15628,United Kingdom,domestic,2010-12-08
15640,United Kingdom,domestic,2010-12-02
15641,United Kingdom,domestic,2010-12-15
15646,United Kingdom,domestic,2010-12-02
15649,United Kingdom,domestic,2010-12-07
15658,United Kingdom,domestic,2010-12-02
15660,United Kingdom,domestic,2010-12-09
15661,United Kingdom,domestic,2011-01-05
15664,United Kingdom,domestic,2010-12-15
15680,United Kingdom,domestic,2010-12-08
15689,United Kingdom,domestic,2010-12-13
15694,United Kingdom,domestic,2010-12-02
15708,United Kingdom,domestic,2010-12-05
15713,United Kingdom,domestic,2010-12-08
15716,United Kingdom,domestic,2010-12-05
15719,United Kingdom,domestic,2011-01-06
15723,United Kingdom,domestic,2010-12-10
15727,United Kingdom,domestic,2010-12-15
15732,United Kingdom,domestic,2010-12-02
15738,United Kingdom,domestic,2010-12-02
15750,United Kingdom,domestic,2010-12-08
15752,United Kingdom,domestic,2010-12-02
15759,United Kingdom,domestic,2010-12-16
15769,United Kingdom,domestic,2010-12-03
15777,United Kingdom,domestic,2010-12-13
15780,United Kingdom,domestic,2010-12-17
15789,United Kingdom,domestic,2010-12-16
15799,United Kingdom,domestic,2011-01-09
15805,United Kingdom,domestic,2010-12-10
15808,United Kingdom,domestic,2010-12-05
15811,United Kingdom,domestic,2010-12-09
15822,United Kingdom,domestic,2010-12-15
15823,United Kingdom,domestic,2010-12-02
15827,United Kingdom,domestic,2010-12-02
15834,United Kingdom,domestic,2010-12-02
15838,United Kingdom,domestic,2010-12-02
15841,United Kingdom,domestic,2011-01-05
15845,United Kingdom,domestic,2011-01-06
15854,United Kingdom,domestic,2010-12-13
15856,United Kingdom,domestic,2010-12-09
15858,United Kingdom,domestic,2010-12-07
15860,United Kingdom,domestic,2010-12-06
15862,United Kingdom,domestic,2010-12-01
15867,United Kingdom,domestic,2010-12-05
15880,United Kingdom,domestic,2010-12-05
15881,United Kingdom,domestic,2010-12-10
15882,United Kingdom,domestic,2010-12-06
15889,United Kingdom,domestic,2010-12-05
15894,United Kingdom,domestic,2010-12-05
15898,United Kingdom,domestic,2010-12-06
15899,United Kingdom,domestic,2010-12-06
15916,United Kingdom,domestic,2010-12-08
15919,United Kingdom,domestic,2010-12-06
15922,United Kingdom,domestic,2010-12-01
15923,United Kingdom,domestic,2010-12-02
15945,United Kingdom,domestic,2010-12-09
15950,United Kingdom,domestic,2010-12-15
15953,United Kingdom,domestic,2010-12-05
15955,United Kingdom,domestic,2010-12-02
15965,United Kingdom,domestic,2010-12-07
15973,United Kingdom,domestic,2010-12-08
15983,United Kingdom,domestic,2010-12-01
15984,United Kingdom,domestic,2010-12-06
15987,United Kingdom,domestic,2010-12-06
15996,United Kingdom,domestic,2010-12-08
15998,United Kingdom,domestic,2010-12-12
16003,United Kingdom,domestic,2010-12-15
16010,United Kingdom,domestic,2010-12-12
16011,United Kingdom,domestic,2010-12-08
16013,United Kingdom,domestic,2010-12-03
16016,United Kingdom,domestic,2010-12-08
16019,United Kingdom,domestic,2010-12-10
16029,United Kingdom,domestic,2010-12-01
16033,United Kingdom,domestic,2010-12-05
16037,United Kingdom,domestic,2010-12-16
16042,United Kingdom,domestic,2010-12-02
16048,United Kingdom,domestic,2010-12-01
16059,United Kingdom,domestic,2010-12-07
16062,United Kingdom,domestic,2010-12-10
16065,United Kingdom,domestic,2010-12-09
16081,United Kingdom,domestic,2010-12-08
16083,United Kingdom,domestic,2010-12-14
16086,United Kingdom,domestic,2010-12-07
16094,United Kingdom,domestic,2011-01-06
16098,United Kingdom,domestic,2010-12-01
16112,United Kingdom,domestic,2011-01-05
16122,United Kingdom,domestic,2010-12-08
16125,United Kingdom,domestic,2010-12-07
16134,United Kingdom,domestic,2010-12-15
16138,United Kingdom,domestic,2010-12-06
16140,United Kingdom,domestic,2010-12-03
16143,United Kingdom,domestic,2010-12-05
16145,United Kingdom,domestic,2010-12-15
16150,United Kingdom,domestic,2010-12-02
16153,United Kingdom,domestic,2010-12-20
16161,United Kingdom,domestic,2010-12-06
16163,United Kingdom,domestic,2010-12-09
16168,United Kingdom,domestic,2010-12-05
16186,United Kingdom,domestic,2010-12-02
16191,United Kingdom,domestic,2010-12-14
16202,United Kingdom,domestic,2010-12-14
16203,United Kingdom,domestic,2010-12-02
16210,United Kingdom,domestic,2010-12-01
16218,United Kingdom,domestic,2010-12-01
16221,United Kingdom,domestic,2010-12-07
16233,United Kingdom,domestic,2010-12-08
16241,United Kingdom,domestic,2010-12-05
16244,United Kingdom,domestic,2010-12-02
16250,United Kingdom,domestic,2010-12-01
16252,United Kingdom,domestic,2010-12-08
16255,United Kingdom,domestic,2010-12-09
16262,United Kingdom,domestic,2010-12-14
16265,United Kingdom,domestic,2010-12-10
16270,United Kingdom,domestic,2010-12-21
16271,United Kingdom,domestic,2010-12-16
16274,United Kingdom,domestic,2010-12-01
16282,United Kingdom,domestic,2011-01-04
16293,United Kingdom,domestic,2010-12-07
16306,United Kingdom,domestic,2010-12-07
16316,United Kingdom,domestic,2010-12-16
16326,United Kingdom,domestic,2011-01-09
16327,United Kingdom,domestic,2010-12-05
16350,United Kingdom,domestic,2010-12-09
16353,United Kingdom,domestic,2010-12-05
16365,United Kingdom,domestic,2010-12-07
16367,United Kingdom,domestic,2010-12-12
16385,United Kingdom,domestic,2010-12-08
16393,United Kingdom,domestic,2010-12-05
16402,United Kingdom,domestic,2010-12-05
16411,United Kingdom,domestic,2010-12-05
16422,United Kingdom,domestic,2010-12-05
16424,United Kingdom,domestic,2011-01-06
16442,United Kingdom,domestic,2010-12-14
16455,United Kingdom,domestic,2010-12-03
16456,United Kingdom,domestic,2010-12-01
16458,United Kingdom,domestic,2010-12-14
16470,United Kingdom,domestic,2010-12-16
16473,United Kingdom,domestic,2011-01-07
16477,United Kingdom,domestic,2010-12-03
16499,United Kingdom,domestic,2010-12-09
16503,United Kingdom,domestic,2010-12-14
16510,United Kingdom,domestic,2010-12-02
16519,United Kingdom,domestic,2010-12-09
16520,United Kingdom,domestic,2010-12-09
16525,United Kingdom,domestic,2010-12-08
16531,United Kingdom,domestic,2010-12-14
16532,United Kingdom,domestic,2011-01-05
16539,United Kingdom,domestic,2010-12-01
16546,United Kingdom,domestic,2010-12-02
16549,United Kingdom,domestic,2011-01-09
16550,United Kingdom,domestic,2010-12-06
16551,United Kingdom,domestic,2011-01-07
16552,United Kingdom,domestic,2010-12-01
16553,United Kingdom,domestic,2010-12-08
16556,United Kingdom,domestic,2010-12-14
16558,United Kingdom,domestic,2010-12-08
16560,United Kingdom,domestic,2010-12-16
16565,United Kingdom,domestic,2010-12-10
16567,United Kingdom,domestic,2011-01-07
16570,United Kingdom,domestic,2010-12-14
16579,United Kingdom,domestic,2010-12-09
16583,United Kingdom,domestic,2010-12-01
16596,United Kingdom,domestic,2010-12-08
16600,United Kingdom,domestic,2011-01-05
16607,United Kingdom,domestic,2010-12-16
16634,United Kingdom,domestic,2010-12-02
16638,United Kingdom,domestic,2010-12-06
16654,United Kingdom,domestic,2010-12-06
16656,United Kingdom,domestic,2010-12-10
16658,United Kingdom,domestic,2010-12-06
16665,United Kingdom,domestic,2010-12-12
16670,United Kingdom,domestic,2010-12-16
16676,United Kingdom,domestic,2011-01-06
16679,United Kingdom,domestic,2010-12-08
16684,United Kingdom,domestic,2010-12-16
16686,United Kingdom,domestic,2010-12-19
16700,United Kingdom,domestic,2010-12-08
16701,United Kingdom,domestic,2010-12-13
16705,United Kingdom,domestic,2010-12-16
16710,United Kingdom,domestic,2010-12-06
16711,United Kingdom,domestic,2010-12-17
16713,United Kingdom,domestic,2010-12-08
16717,United Kingdom,domestic,2010-12-08
16718,United Kingdom,domestic,2010-12-05
16719,United Kingdom,domestic,2010-12-06
16722,United Kingdom,domestic,2010-12-06
16725,United Kingdom,domestic,2010-12-03
16726,United Kingdom,domestic,2010-12-13
16727,United Kingdom,domestic,2010-12-10
16735,United Kingdom,domestic,2011-01-09
16743,United Kingdom,domestic,2010-12-16
16746,United Kingdom,domestic,2010-12-16
16748,United Kingdom,domestic,2011-01-09
16752,United Kingdom,domestic,2010-12-02
16754,United Kingdom,domestic,2010-12-02
16770,United Kingdom,domestic,2010-12-02
16771,United Kingdom,domestic,2011-01-05
16775,United Kingdom,domestic,2010-12-07
16779,United Kingdom,domestic,2010-12-08
16781,United Kingdom,domestic,2010-12-02
16782,United Kingdom,domestic,2010-12-06
16795,United Kingdom,domestic,2010-12-09
16805,United Kingdom,domestic,2010-12-14
16810,United Kingdom,domestic,2010-12-14
16812,United Kingdom,domestic,2010-12-14
16814,United Kingdom,domestic,2010-12-05
16816,United Kingdom,domestic,2010-12-16
16817,United Kingdom,domestic,2010-12-06
16833,United Kingdom,domestic,2011-01-09
16835,United Kingdom,domestic,2010-12-01
16839,United Kingdom,domestic,2010-12-05
16858,United Kingdom,domestic,2010-12-06
16861,United Kingdom,domestic,2010-12-06
16863,United Kingdom,domestic,2010-12-08
16873,United Kingdom,domestic,2010-12-10
16875,United Kingdom,domestic,2011-01-04
16883,United Kingdom,domestic,2010-12-03
16885,United Kingdom,domestic,2010-12-17
16889,United Kingdom,domestic,2011-01-07
16891,United Kingdom,domestic,2010-12-03
16893,United Kingdom,domestic,2010-12-08
16898,United Kingdom,domestic,2010-12-06
16899,United Kingdom,domestic,2010-12-14
16904,United Kingdom,domestic,2010-12-07
16905,United Kingdom,domestic,2010-12-03
16907,United Kingdom,domestic,2010-12-09
16916,United Kingdom,domestic,2010-12-02
16919,United Kingdom,domestic,2010-12-06
16923,United Kingdom,domestic,2010-12-12
16926,United Kingdom,domestic,2010-12-03
16927,United Kingdom,domestic,2010-12-13
16928,United Kingdom,domestic,2010-12-01
16931,United Kingdom,domestic,2010-12-05
16945,United Kingdom,domestic,2010-12-16
16950,United Kingdom,domestic,2010-12-07
16954,United Kingdom,domestic,2010-12-15
16955,United Kingdom,domestic,2010-12-01
16983,United Kingdom,domestic,2010-12-05
16985,United Kingdom,domestic,2010-12-16
16995,United Kingdom,domestic,2010-12-02
16996,United Kingdom,domestic,2010-12-16
17001,United Kingdom,domestic,2010-12-16
17007,United Kingdom,domestic,2010-12-17
17017,United Kingdom,domestic,2010-12-02
17019,United Kingdom,domestic,2010-12-06
17025,United Kingdom,domestic,2010-12-01
17026,United Kingdom,domestic,2010-12-05
17033,United Kingdom,domestic,2010-12-15
17041,United Kingdom,domestic,2010-12-14
17044,United Kingdom,domestic,2010-12-15
17059,United Kingdom,domestic,2010-12-05
17062,United Kingdom,domestic,2010-12-05
17068,United Kingdom,domestic,2010-12-06
17069,United Kingdom,domestic,2010-12-01
17076,United Kingdom,domestic,2010-12-10
17085,United Kingdom,domestic,2010-12-12
17090,United Kingdom,domestic,2010-12-20
17091,United Kingdom,domestic,2010-12-07
17095,United Kingdom,domestic,2011-01-09
17097,Spain,export,2010-12-09
17114,United Kingdom,domestic,2011-01-09
17126,United Kingdom,domestic,2010-12-12
17128,United Kingdom,domestic,2011-01-09
17135,United Kingdom,domestic,2010-12-03
17146,United Kingdom,domestic,2010-12-16
17158,United Kingdom,domestic,2010-12-14
17179,United Kingdom,domestic,2010-12-13
17181,United Kingdom,domestic,2010-12-01
17188,United Kingdom,domestic,2010-12-12
17189,United Kingdom,domestic,2010-12-15
17191,United Kingdom,domestic,2010-12-06
17194,United Kingdom,domestic,2010-12-14
17198,United Kingdom,domestic,2010-12-03
17204,United Kingdom,domestic,2010-12-20
17211,United Kingdom,domestic,2010-12-05
17213,United Kingdom,domestic,2010-12-08
17214,United Kingdom,domestic,2010-12-15
17218,United Kingdom,domestic,2010-12-06
17220,United Kingdom,domestic,2010-12-10
17223,United Kingdom,domestic,2010-12-06
17227,United Kingdom,domestic,2010-12-06
17228,United Kingdom,domestic,2010-12-02
17230,United Kingdom,domestic,2010-12-15
17231,United Kingdom,domestic,2010-12-13
17235,United Kingdom,domestic,2010-12-02
17236,United Kingdom,domestic,2010-12-12
17238,United Kingdom,domestic,2010-12-03
17239,United Kingdom,domestic,2010-12-22
17243,United Kingdom,domestic,2010-12-05
17251,United Kingdom,domestic,2010-12-12
17259,United Kingdom,domestic,2010-12-06
17262,United Kingdom,domestic,2010-12-08
17284,United Kingdom,domestic,2011-01-07
17287,United Kingdom,domestic,2010-12-02
17288,United Kingdom,domestic,2010-12-16
17293,United Kingdom,domestic,2010-12-13
17303,United Kingdom,domestic,2010-12-13
17306,United Kingdom,domestic,2010-12-21
17307,United Kingdom,domestic,2010-12-09
17315,United Kingdom,domestic,2010-12-17
17320,United Kingdom,domestic,2010-12-06
17324,United Kingdom,domestic,2010-12-08
17338,United Kingdom,domestic,2010-12-13
17339,United Kingdom,domestic,2010-12-09
17340,United Kingdom,domestic,2010-12-08
17341,United Kingdom,domestic,2010-12-08
17343,United Kingdom,domestic,2010-12-19
17346,United Kingdom,domestic,2010-12-01
17358,United Kingdom,domestic,2010-12-19
17368,United Kingdom,domestic,2011-01-06
17371,United Kingdom,domestic,2010-12-13
17372,United Kingdom,domestic,2010-12-12
17375,United Kingdom,domestic,2010-12-13
17377,United Kingdom,domestic,2010-12-01
17381,United Kingdom,domestic,2010-12-02
17389,United Kingdom,domestic,2011-01-04
17392,United Kingdom,domestic,2010-12-16
17396,United Kingdom,domestic,2010-12-03
17400,United Kingdom,domestic,2010-12-21
17402,United Kingdom,domestic,2010-12-05
17404,Sweden,export,2010-12-14
17406,United Kingdom,domestic,2010-12-08
17411,United Kingdom,domestic,2010-12-09
17412,United Kingdom,domestic,2010-12-02
17419,United Kingdom,domestic,2010-12-07
17420,United Kingdom,domestic,2010-12-01
17428,United Kingdom,domestic,2010-12-06
17430,United Kingdom,domestic,2010-12-09
17442,United Kingdom,domestic,2010-12-09
17449,United Kingdom,domestic,2010-12-15
17450,United Kingdom,domestic,2010-12-07
17454,United Kingdom,domestic,2010-12-15
17456,United Kingdom,domestic,2010-12-09
17457,United Kingdom,domestic,2011-01-04
17460,United Kingdom,domestic,2010-12-01
17470,United Kingdom,domestic,2010-12-07
17491,United Kingdom,domestic,2010-12-07
17496,United Kingdom,domestic,2010-12-16
17511,United Kingdom,domestic,2010-12-01
17519,United Kingdom,domestic,2010-12-06
17524,United Kingdom,domestic,2010-12-13
17525,United Kingdom,domestic,2010-12-15
17526,United Kingdom,domestic,2010-12-09
17530,United Kingdom,domestic,2010-12-09
17547,United Kingdom,domestic,2010-12-02
17548,United Kingdom,domestic,2010-12-01
17551,United Kingdom,domestic,2010-12-15
17552,United Kingdom,domestic,2010-12-02
17555,United Kingdom,domestic,2011-01-09
17567,United Kingdom,domestic,2010-12-02
17572,United Kingdom,domestic,2010-12-01
17576,United Kingdom,domestic,2010-12-09
17580,United Kingdom,domestic,2010-12-16
17581,United Kingdom,domestic,2010-12-02
17585,United Kingdom,domestic,2011-01-05
17591,United Kingdom,domestic,2010-12-07
17593,United Kingdom,domestic,2010-12-22
17596,United Kingdom,domestic,2010-12-06
17611,United Kingdom,domestic,2010-12-13
17616,United Kingdom,domestic,2010-12-07
17618,United Kingdom,domestic,2010-12-12
17621,United Kingdom,domestic,2010-12-20
17629,United Kingdom,domestic,2010-12-15
17633,United Kingdom,domestic,2010-12-15
17634,United Kingdom,domestic,2011-01-06
17643,United Kingdom,domestic,2010-12-01
17646,United Kingdom,domestic,2010-12-09
17655,United Kingdom,domestic,2010-12-08
17659,United Kingdom,domestic,2010-12-02
17671,United Kingdom,domestic,2010-12-09
17674,United Kingdom,domestic,2010-12-06
17675,United Kingdom,domestic,2010-12-07
17676,United Kingdom,domestic,2010-12-08
17677,United Kingdom,domestic,2010-12-06
17682,United Kingdom,domestic,2010-12-06
17685,United Kingdom,domestic,2010-12-02
17690,United Kingdom,domestic,2010-12-01
17691,United Kingdom,domestic,2010-12-06
17692,United Kingdom,domestic,2010-12-15
17696,United Kingdom,domestic,2010-12-10
17700,United Kingdom,domestic,2010-12-09
17702,United Kingdom,domestic,2010-12-09
17706,United Kingdom,domestic,2010-12-08
17707,United Kingdom,domestic,2011-01-07
17720,United Kingdom,domestic,2010-12-07
17722,United Kingdom,domestic,2010-12-08
17732,United Kingdom,domestic,2010-12-02
17735,United Kingdom,domestic,2010-12-07
17739,United Kingdom,domestic,2010-12-14
17744,United Kingdom,domestic,2010-12-16
17752,United Kingdom,domestic,2010-12-15
17757,United Kingdom,domestic,2010-12-02
17760,United Kingdom,domestic,2010-12-01
17787,United Kingdom,domestic,2010-12-03
17790,United Kingdom,domestic,2010-12-10
17796,United Kingdom,domestic,2010-12-05
17799,United Kingdom,domestic,2010-12-13
17800,United Kingdom,domestic,2011-01-09
17802,United Kingdom,domestic,2010-12-02
17809,United Kingdom,domestic,2010-12-01
17812,United Kingdom,domestic,2010-12-06
17816,United Kingdom,domestic,2010-12-09
17819,United Kingdom,domestic,2010-12-03
17820,United Kingdom,domestic,2010-12-15
17827,United Kingdom,domestic,2010-12-10
17838,United Kingdom,domestic,2010-12-02
17841,United Kingdom,domestic,2010-12-01
17848,United Kingdom,domestic,2010-12-16
17850,United Kingdom,domestic,2010-12-01
17855,United Kingdom,domestic,2010-12-02
17857,United Kingdom,domestic,2010-12-09
17858,United Kingdom,domestic,2010-12-05
17860,United Kingdom,domestic,2010-12-06
17863,United Kingdom,domestic,2010-12-05
17865,United Kingdom,domestic,2010-12-10
17869,United Kingdom,domestic,2010-12-06
17870,United Kingdom,domestic,2010-12-08
17873,United Kingdom,domestic,2010-12-01
17880,United Kingdom,domestic,2010-12-10
17884,United Kingdom,domestic,2010-12-03
17888,United Kingdom,domestic,2010-12-17
17890,United Kingdom,domestic,2010-12-13
17894,United Kingdom,domestic,2010-12-08
17897,United Kingdom,domestic,2010-12-01
17905,United Kingdom,domestic,2010-12-01
17908,United Kingdom,domestic,2010-12-01
17912,United Kingdom,domestic,2010-12-10
17913,United Kingdom,domestic,2010-12-19
17917,United Kingdom,domestic,2010-12-12
17920,United Kingdom,domestic,2010-12-01
17924,United Kingdom,domestic,2010-12-01
17925,United Kingdom,domestic,2010-12-02
17937,United Kingdom,domestic,2010-12-12
17949,United Kingdom,domestic,2010-12-03
17950,United Kingdom,domestic,2010-12-09
17951,United Kingdom,domestic,2010-12-01
17954,United Kingdom,domestic,2010-12-03
17961,United Kingdom,domestic,2010-12-02
17964,United Kingdom,domestic,2010-12-02
17965,United Kingdom,domestic,2010-12-05
17967,United Kingdom,domestic,2010-12-03
17968,United Kingdom,domestic,2010-12-01
17969,United Kingdom,domestic,2010-12-13
17975,United Kingdom,domestic,2010-12-08
17976,United Kingdom,domestic,2010-12-02
17978,United Kingdom,domestic,2010-12-09
17980,United Kingdom,domestic,2010-12-15
17990,United Kingdom,domestic,2010-12-13
17999,United Kingdom,domestic,2010-12-08
18004,United Kingdom,domestic,2010-12-12
18011,United Kingdom,domestic,2010-12-01
18016,United Kingdom,domestic,2010-12-10
18037,United Kingdom,domestic,2010-12-12
18041,United Kingdom,domestic,2010-12-02
18043,United Kingdom,domestic,2010-12-08
18044,United Kingdom,domestic,2010-12-14
18050,United Kingdom,domestic,2010-12-15
18055,United Kingdom,domestic,2010-12-05
18061,United Kingdom,domestic,2010-12-08
18062,United Kingdom,domestic,2011-01-06
18065,United Kingdom,domestic,2010-12-10
18071,United Kingdom,domestic,2010-12-09
18074,United Kingdom,domestic,2010-12-01
18075,United Kingdom,domestic,2010-12-14
18077,United Kingdom,domestic,2010-12-08
18085,United Kingdom,domestic,2010-12-01
18092,United Kingdom,domestic,2010-12-09
18097,United Kingdom,domestic,2010-12-20
18102,United Kingdom,domestic,2010-12-07
18109,United Kingdom,domestic,2010-12-05
18113,United Kingdom,domestic,2010-12-06
18116,United Kingdom,domestic,2010-12-10
18118,United Kingdom,domestic,2010-12-05
18119,United Kingdom,domestic,2010-12-07
18141,United Kingdom,domestic,2010-12-14
18144,United Kingdom,domestic,2010-12-01
18156,United Kingdom,domestic,2010-12-05
18168,United Kingdom,domestic,2010-12-02
18176,United Kingdom,domestic,2010-12-16
18178,United Kingdom,domestic,2010-12-10
18179,United Kingdom,domestic,2011-01-07
18193,United Kingdom,domestic,2010-12-08
18198,United Kingdom,domestic,2011-01-07
18219,United Kingdom,domestic,2010-12-06
18223,United Kingdom,domestic,2010-12-16
18225,United Kingdom,domestic,2010-12-03
18226,United Kingdom,domestic,2011-01-06
18229,United Kingdom,domestic,2010-12-01
18230,United Kingdom,domestic,2010-12-09
18239,United Kingdom,domestic,2010-12-02
18245,United Kingdom,domestic,2010-12-19
18256,United Kingdom,domestic,2010-12-20
18259,United Kingdom,domestic,2010-12-08
18260,United Kingdom,domestic,2010-12-16
18269,United Kingdom,domestic,2010-12-08
18283,United Kingdom,domestic,2011-01-06
